iso_alpha3,year,ai_readiness_score,ai_investment_usd_mn,ai_patents_count,digital_human_capital,govt_ai_strategy_score
USA,2000,38.8,6262.44,238.1,39.47,4.28
USA,2001,42.82,4769.4,512.7,40.85,3.87
USA,2002,47.02,10913.12,837.4,44.41,5.12
USA,2003,49.74,7508.19,857.4,45.86,5.47
USA,2004,52.58,10453.55,659.6,52.11,5.92
USA,2005,56.41,11141.81,1227.9,53.81,5.02
USA,2006,59.69,26078.66,950.8,55.47,5.69
USA,2007,62.86,21117.39,1189.5,57.96,5.72
USA,2008,65.57,20476.56,1704.1,61.21,7.15
USA,2009,68.67,18918.93,2122.2,65.52,6.24
USA,2010,71.38,20777.34,2090.4,65.99,7.78
USA,2011,74.03,16253.66,1508.6,71.84,7.7
USA,2012,75.32,12267.21,1525.7,71.26,7.6
USA,2013,76.1,26592.35,1569.7,71.75,6.97
USA,2014,77.87,14729.02,1185.2,72.49,7.27
USA,2015,79.0,27349.8,1622.8,75.53,8.32
USA,2016,79.79,26227.66,1523.6,76.17,7.08
USA,2017,82.6,27202.74,1695.5,78.15,7.37
USA,2018,82.39,29475.3,2024.7,78.92,8.7
USA,2019,84.52,16051.77,1276.3,79.48,9.57
USA,2020,85.99,22688.55,3744.0,81.87,9.24
USA,2021,86.86,24493.48,1563.9,83.32,8.71
USA,2022,89.79,30401.68,2581.2,84.36,9.93
USA,2023,90.23,23014.29,2606.1,85.93,9.27
USA,2024,91.8,20068.47,2582.1,86.91,9.1
USA,2025,91.11,30703.35,4367.3,85.48,8.28
GBR,2000,38.29,4805.88,194.5,38.44,3.38
GBR,2001,44.87,4912.73,516.1,41.66,4.24
GBR,2002,44.95,8971.9,385.9,40.13,4.24
GBR,2003,48.8,8107.61,541.2,46.03,5.34
GBR,2004,51.7,9958.61,534.9,46.64,5.44
GBR,2005,53.86,19892.67,977.1,53.55,6.17
GBR,2006,58.55,9705.73,782.3,58.18,6.36
GBR,2007,60.92,10849.89,1689.0,58.48,6.12
GBR,2008,63.0,12724.08,1531.9,60.14,6.28
GBR,2009,67.32,17636.33,2632.3,63.98,7.5
GBR,2010,70.5,26643.78,1656.9,66.04,6.75
GBR,2011,72.95,29498.41,1693.7,66.21,6.61
GBR,2012,72.2,32217.78,1517.4,68.86,7.53
GBR,2013,74.42,15147.4,2181.6,70.23,7.46
GBR,2014,74.38,22588.16,3060.5,72.35,8.01
GBR,2015,77.22,20709.16,1284.2,71.78,7.05
GBR,2016,79.34,28450.93,1091.6,75.05,7.0
GBR,2017,81.48,19213.31,1677.1,77.9,8.43
GBR,2018,82.02,21784.81,1490.0,77.45,8.32
GBR,2019,84.84,16916.08,2099.2,79.52,9.5
GBR,2020,85.06,18596.33,1854.9,78.37,9.21
GBR,2021,86.14,35354.38,1596.6,80.98,7.94
GBR,2022,86.33,18339.81,1774.9,82.03,9.17
GBR,2023,89.87,16419.63,5201.0,82.05,9.49
GBR,2024,90.49,61642.24,1405.8,84.1,7.96
GBR,2025,89.5,19392.4,2060.7,86.48,8.08
AUS,2000,39.02,4984.86,185.4,36.54,3.37
AUS,2001,42.14,5417.71,523.9,41.28,4.05
AUS,2002,44.8,7732.95,546.3,41.55,3.87
AUS,2003,47.01,16529.23,1236.2,46.08,4.14
AUS,2004,51.66,14341.25,856.8,49.09,4.48
AUS,2005,53.98,12885.05,566.8,50.53,5.85
AUS,2006,58.14,11408.62,955.8,53.73,5.72
AUS,2007,59.68,6326.86,1008.5,57.24,5.58
AUS,2008,63.69,8781.83,1392.4,62.44,6.05
AUS,2009,67.06,14576.29,1301.4,61.14,6.2
AUS,2010,70.44,20600.61,2891.7,67.35,6.98
AUS,2011,69.92,20390.65,2088.7,66.51,7.33
AUS,2012,71.98,24830.26,969.7,69.5,7.97
AUS,2013,72.11,27041.98,2170.2,72.43,6.42
AUS,2014,75.31,19217.8,1039.3,70.29,7.69
AUS,2015,75.71,16367.24,1143.0,72.48,7.83
AUS,2016,77.93,22800.49,2806.9,74.72,7.69
AUS,2017,78.66,21807.05,2149.9,77.6,8.15
AUS,2018,81.25,26169.8,996.2,78.76,8.44
AUS,2019,82.2,18954.98,2671.4,79.51,9.18
AUS,2020,83.76,25023.35,1403.8,79.06,7.49
AUS,2021,84.3,31924.79,1333.5,80.46,9.07
AUS,2022,87.4,18932.74,2266.4,83.28,8.31
AUS,2023,86.83,31670.91,2961.2,83.47,9.61
AUS,2024,88.73,13579.21,4066.0,82.61,7.49
AUS,2025,88.72,15487.45,1312.9,81.55,8.68
CAN,2000,38.61,5967.73,351.5,34.52,4.43
CAN,2001,41.03,5459.17,510.6,40.54,4.78
CAN,2002,44.0,7795.72,725.1,42.68,3.83
CAN,2003,47.98,8214.12,698.0,46.42,5.34
CAN,2004,49.53,9103.0,720.6,49.28,5.22
CAN,2005,53.33,7082.62,340.3,49.87,5.84
CAN,2006,55.95,12986.57,1508.3,55.73,4.88
CAN,2007,58.38,20154.67,1126.5,55.33,5.34
CAN,2008,61.46,11198.94,1036.3,60.64,7.16
CAN,2009,64.1,17785.08,861.4,62.99,7.31
CAN,2010,68.04,22456.31,1111.8,64.33,7.84
CAN,2011,71.05,19971.45,1361.7,66.98,6.25
CAN,2012,72.31,16361.16,842.7,69.45,7.46
CAN,2013,74.52,20980.38,1493.4,69.73,7.23
CAN,2014,74.55,19673.95,1734.1,72.18,7.27
CAN,2015,74.06,19683.09,1903.6,70.68,6.93
CAN,2016,78.03,14592.71,1441.3,72.85,7.65
CAN,2017,78.73,15714.03,2050.3,74.04,8.21
CAN,2018,80.01,25936.3,1603.6,77.6,7.84
CAN,2019,81.91,48192.83,2065.5,79.52,9.09
CAN,2020,82.19,22292.03,1813.8,77.56,7.83
CAN,2021,84.67,28379.56,3078.4,80.64,7.88
CAN,2022,84.14,21704.6,2975.9,78.7,7.33
CAN,2023,85.18,15369.73,3573.3,83.41,8.9
CAN,2024,86.62,10002.11,1686.4,86.35,9.42
CAN,2025,87.69,28297.96,1136.1,82.92,9.15
FIN,2000,39.06,6370.79,354.9,37.43,3.45
FIN,2001,41.17,10103.51,283.2,37.92,4.74
FIN,2002,44.51,11230.35,440.4,44.27,4.77
FIN,2003,47.65,13660.72,548.5,43.51,5.31
FIN,2004,48.35,6073.89,957.7,46.95,5.16
FIN,2005,53.11,8599.48,433.2,49.35,5.54
FIN,2006,56.8,11177.88,899.5,53.73,5.4
FIN,2007,60.84,16143.72,1244.5,57.09,6.4
FIN,2008,61.2,14034.28,1039.3,57.96,6.87
FIN,2009,64.57,11932.24,1247.6,62.42,6.77
FIN,2010,68.6,21944.34,1870.5,64.51,7.69
FIN,2011,68.86,18314.63,808.7,66.0,6.49
FIN,2012,70.8,18917.18,835.3,69.46,7.05
FIN,2013,71.57,20552.49,589.8,67.07,7.86
FIN,2014,74.04,23527.53,3552.9,68.39,7.5
FIN,2015,73.95,31697.1,1011.8,71.88,8.06
FIN,2016,76.89,13691.68,1436.2,72.08,8.79
FIN,2017,77.62,12134.64,2154.4,73.35,6.84
FIN,2018,78.19,17536.41,2240.8,76.71,6.85
FIN,2019,81.32,25602.5,1227.4,77.27,8.61
FIN,2020,81.9,17543.02,1142.2,79.34,7.12
FIN,2021,83.32,35400.24,1642.9,79.67,8.42
FIN,2022,84.4,27027.05,1624.8,80.35,8.96
FIN,2023,84.33,11501.25,3875.8,85.41,8.07
FIN,2024,87.03,21853.93,1836.7,81.95,7.85
FIN,2025,87.38,28388.65,1146.4,83.93,10.0
SGP,2000,37.28,4528.3,291.1,37.3,4.4
SGP,2001,41.13,3676.88,444.3,38.62,4.12
SGP,2002,43.56,12120.57,336.9,42.92,3.78
SGP,2003,47.22,8983.52,1026.0,44.38,5.37
SGP,2004,48.92,7389.53,644.9,47.58,4.62
SGP,2005,53.41,12545.41,687.5,46.68,5.46
SGP,2006,58.07,9707.04,564.1,54.61,5.04
SGP,2007,59.64,14967.07,1241.4,55.94,5.81
SGP,2008,62.76,20909.69,950.6,58.36,5.63
SGP,2009,64.9,24348.24,1064.4,61.21,6.54
SGP,2010,66.22,22223.14,563.4,63.44,5.87
SGP,2011,69.31,12926.52,997.3,65.72,6.56
SGP,2012,70.19,13078.08,1456.0,68.95,7.51
SGP,2013,72.9,21727.41,1410.4,69.7,6.15
SGP,2014,72.51,13879.22,1584.8,69.76,7.35
SGP,2015,76.09,23943.07,1428.7,69.89,6.98
SGP,2016,76.83,10114.31,931.7,71.39,7.04
SGP,2017,78.07,25940.67,1107.1,72.45,8.3
SGP,2018,80.07,24951.88,1668.3,75.89,6.78
SGP,2019,81.82,27672.69,967.7,73.46,7.46
SGP,2020,83.73,16403.8,903.6,78.33,9.1
SGP,2021,83.47,26664.11,1682.9,78.19,7.75
SGP,2022,84.4,17253.95,4548.3,83.56,8.16
SGP,2023,86.29,30565.13,2618.8,82.16,7.85
SGP,2024,86.53,29862.22,2647.7,82.65,8.25
SGP,2025,88.23,20467.61,1244.8,85.31,9.34
FRA,2000,37.2,5330.14,519.6,36.18,3.4
FRA,2001,40.97,6859.48,418.7,37.03,3.49
FRA,2002,44.03,12417.09,736.0,41.81,4.92
FRA,2003,45.95,7897.67,402.5,44.38,4.06
FRA,2004,50.71,11127.57,849.7,44.74,4.27
FRA,2005,52.01,14698.86,1254.9,50.29,5.46
FRA,2006,55.73,13140.03,1092.3,54.98,5.7
FRA,2007,58.33,8951.33,919.3,56.18,5.02
FRA,2008,61.44,15269.06,940.4,57.73,6.9
FRA,2009,65.87,16468.45,1401.5,59.77,5.85
FRA,2010,67.7,11613.43,584.2,61.5,7.54
FRA,2011,70.34,16417.65,2296.4,61.63,7.5
FRA,2012,70.24,12517.35,1257.2,65.85,7.68
FRA,2013,71.95,27785.76,3157.4,67.82,8.23
FRA,2014,75.87,31572.67,1507.3,69.86,6.94
FRA,2015,74.35,24794.16,1217.2,72.46,8.45
FRA,2016,76.43,25946.1,1686.6,72.77,6.77
FRA,2017,76.42,23066.35,790.9,74.69,7.16
FRA,2018,77.91,20492.78,1827.2,73.99,7.19
FRA,2019,79.59,18944.78,1438.3,76.31,6.94
FRA,2020,81.8,27282.7,1915.6,74.88,7.23
FRA,2021,83.98,21060.66,1840.8,79.02,9.32
FRA,2022,85.63,16518.78,1232.2,78.76,7.54
FRA,2023,84.83,20475.32,732.3,78.46,8.83
FRA,2024,85.41,20849.74,2047.7,81.19,9.5
FRA,2025,86.71,18398.59,2471.3,80.0,8.42
SWE,2000,37.84,4709.7,569.4,35.19,3.37
SWE,2001,41.3,4139.07,418.8,37.32,3.7
SWE,2002,45.09,8529.44,399.9,43.22,4.86
SWE,2003,46.2,9809.08,1067.0,41.73,4.21
SWE,2004,49.72,9863.78,576.1,47.11,4.97
SWE,2005,53.17,12075.56,756.0,50.29,4.69
SWE,2006,54.85,16758.7,1807.5,53.45,5.67
SWE,2007,59.44,12625.82,1516.0,57.09,6.61
SWE,2008,61.95,16350.14,1852.8,59.03,6.23
SWE,2009,65.0,6334.94,1459.2,55.94,6.4
SWE,2010,67.21,18936.44,852.7,63.15,6.44
SWE,2011,69.12,33233.54,1406.8,66.17,6.3
SWE,2012,70.22,12958.99,1395.7,66.85,8.08
SWE,2013,71.75,14449.55,2183.6,68.29,6.43
SWE,2014,74.13,19888.95,1995.3,68.08,7.82
SWE,2015,73.43,16921.15,913.2,71.59,8.47
SWE,2016,74.94,21101.17,2227.6,72.83,6.56
SWE,2017,78.66,22359.25,1515.2,72.88,7.29
SWE,2018,79.5,35621.52,2978.9,74.78,8.04
SWE,2019,79.72,22131.64,1908.2,77.52,8.38
SWE,2020,82.25,19330.21,2398.5,77.63,7.17
SWE,2021,84.28,20051.18,2587.0,79.53,7.88
SWE,2022,84.58,19779.56,1012.0,78.74,8.88
SWE,2023,85.43,21402.55,1734.8,81.85,8.96
SWE,2024,84.11,26571.78,2570.7,78.4,9.75
SWE,2025,86.69,24018.65,2029.5,83.77,9.89
KOR,2000,38.68,4199.04,362.4,35.2,4.22
KOR,2001,41.62,5090.39,556.2,39.81,3.87
KOR,2002,43.35,8824.46,528.5,40.45,4.04
KOR,2003,46.57,9760.77,417.5,45.05,5.02
KOR,2004,49.8,9748.42,1904.9,45.13,4.58
KOR,2005,53.79,11959.27,860.6,50.66,5.12
KOR,2006,54.71,10211.27,1455.3,51.83,4.74
KOR,2007,57.63,14727.59,1835.6,55.48,6.33
KOR,2008,62.52,13057.03,599.8,57.02,5.51
KOR,2009,64.29,35132.63,979.6,63.35,5.61
KOR,2010,66.24,18517.5,1376.8,64.16,7.07
KOR,2011,68.77,10577.24,1808.9,64.91,6.98
KOR,2012,70.12,22022.86,1550.8,65.68,8.07
KOR,2013,72.48,28736.99,1819.2,69.46,6.77
KOR,2014,73.55,22166.14,1959.6,70.11,6.98
KOR,2015,75.58,12637.01,1158.8,72.63,7.04
KOR,2016,75.86,17994.93,1035.8,71.65,6.77
KOR,2017,77.56,28194.89,1464.4,73.87,6.72
KOR,2018,78.39,20628.63,1290.5,74.32,6.76
KOR,2019,79.3,35987.29,1722.6,75.65,8.87
KOR,2020,82.45,20049.37,1399.7,79.42,7.88
KOR,2021,84.2,22654.54,1919.8,78.55,8.9
KOR,2022,84.79,11359.99,871.7,79.21,9.06
KOR,2023,85.02,26541.24,1684.2,82.16,9.31
KOR,2024,85.64,31087.54,2216.9,80.43,8.42
KOR,2025,85.27,23559.35,3626.1,78.23,7.83
DNK,2000,37.07,4336.48,266.7,33.61,3.85
DNK,2001,39.77,12465.81,819.6,38.04,3.52
DNK,2002,42.35,4001.2,479.1,39.95,4.7
DNK,2003,45.51,6540.92,642.4,44.79,4.69
DNK,2004,48.4,12081.71,514.6,47.98,4.21
DNK,2005,53.66,9529.31,939.9,50.74,5.86
DNK,2006,56.94,15701.61,826.1,53.73,5.06
DNK,2007,57.25,8810.04,703.3,57.62,5.13
DNK,2008,60.71,11981.13,1327.5,58.03,6.79
DNK,2009,64.89,12106.5,862.0,64.4,5.97
DNK,2010,66.02,13919.51,1233.6,62.69,5.91
DNK,2011,68.49,9676.33,560.4,63.3,7.58
DNK,2012,70.34,25326.39,1682.5,67.6,6.04
DNK,2013,70.88,22067.82,1172.6,68.6,7.79
DNK,2014,72.09,13047.31,950.3,69.22,7.05
DNK,2015,75.15,18961.8,1979.3,71.35,6.53
DNK,2016,75.58,14328.95,3186.0,70.95,7.4
DNK,2017,77.7,17574.84,812.3,72.82,7.3
DNK,2018,77.83,32196.63,1252.9,74.87,7.96
DNK,2019,80.53,26448.21,1745.5,78.35,7.17
DNK,2020,81.04,22140.76,2504.9,76.4,8.74
DNK,2021,83.76,17151.89,2438.7,79.38,8.67
DNK,2022,83.95,34878.18,1653.1,80.3,8.59
DNK,2023,85.53,19066.36,3714.6,80.89,7.26
DNK,2024,85.44,12036.0,878.7,82.17,7.26
DNK,2025,86.05,15678.32,1971.9,84.62,8.76
NLD,2000,38.34,4213.77,250.4,32.59,3.81
NLD,2001,40.64,3695.48,303.8,36.83,4.17
NLD,2002,41.54,3772.53,637.2,42.48,4.44
NLD,2003,45.51,6060.41,984.2,39.96,4.53
NLD,2004,50.85,11830.63,537.1,47.52,4.65
NLD,2005,51.7,9800.0,937.1,47.47,5.53
NLD,2006,56.02,9750.49,900.8,50.14,4.76
NLD,2007,56.67,13821.23,535.7,55.08,5.27
NLD,2008,62.59,9982.12,1582.0,58.45,6.68
NLD,2009,63.39,17150.77,1583.0,64.9,6.66
NLD,2010,68.81,18217.57,1572.6,62.82,7.69
NLD,2011,68.16,18264.43,1020.9,66.31,7.66
NLD,2012,70.13,20234.58,845.3,66.8,7.68
NLD,2013,70.85,15747.41,1197.0,66.98,6.9
NLD,2014,72.85,23911.02,757.5,70.22,6.58
NLD,2015,72.74,13334.94,2661.3,72.12,7.86
NLD,2016,75.64,24666.33,1896.7,69.17,6.69
NLD,2017,77.73,23358.69,1784.2,73.34,8.76
NLD,2018,78.22,8591.22,1507.0,73.99,7.49
NLD,2019,79.0,30310.7,1139.6,76.07,7.83
NLD,2020,82.43,33296.35,1456.1,77.58,7.38
NLD,2021,83.28,26252.33,1727.1,79.08,9.41
NLD,2022,84.29,20366.59,1757.4,78.81,7.61
NLD,2023,84.03,24499.58,2503.8,80.14,7.68
NLD,2024,84.36,44792.44,1042.9,82.68,8.12
NLD,2025,85.54,45286.69,2942.7,82.88,8.26
DEU,2000,36.8,4473.97,339.1,37.76,3.93
DEU,2001,40.23,7524.37,566.0,39.41,3.64
DEU,2002,43.3,5287.76,348.4,38.75,4.36
DEU,2003,45.76,7097.41,182.3,42.1,4.6
DEU,2004,49.44,10262.76,399.1,48.9,5.12
DEU,2005,51.86,20739.13,1463.0,49.06,5.17
DEU,2006,54.95,13323.6,862.1,51.7,5.39
DEU,2007,58.73,25008.74,1037.6,57.74,6.08
DEU,2008,60.91,10988.67,783.3,58.53,6.66
DEU,2009,63.89,10040.05,698.6,58.47,6.85
DEU,2010,66.59,22255.39,1298.2,59.99,7.46
DEU,2011,68.47,30775.69,755.7,64.12,6.19
DEU,2012,68.86,20060.02,1467.8,66.53,7.38
DEU,2013,70.41,22736.71,837.5,67.85,6.61
DEU,2014,71.41,17879.66,1168.5,67.07,6.3
DEU,2015,73.23,20416.57,976.8,71.07,7.25
DEU,2016,75.48,15805.29,2711.4,71.82,7.43
DEU,2017,76.52,10412.55,1616.1,75.64,7.13
DEU,2018,78.03,23720.02,2422.0,70.97,7.17
DEU,2019,78.24,16667.05,2942.8,74.82,8.8
DEU,2020,81.51,9284.54,1629.6,76.33,8.77
DEU,2021,82.48,31110.28,1716.9,74.74,8.19
DEU,2022,82.67,24408.52,2793.5,77.51,7.36
DEU,2023,83.86,28153.57,971.8,78.47,9.35
DEU,2024,84.55,29257.03,2123.8,80.34,8.74
DEU,2025,84.15,13477.65,1417.7,81.96,7.69
NZL,2000,36.89,3799.18,227.4,34.98,4.11
NZL,2001,39.99,4679.67,527.4,39.5,3.75
NZL,2002,42.7,7221.47,351.9,39.33,3.98
NZL,2003,46.14,5661.42,627.6,44.91,4.52
NZL,2004,48.02,8545.07,789.4,46.56,5.4
NZL,2005,52.89,10320.23,1190.8,46.02,4.47
NZL,2006,53.55,10822.75,1108.4,51.05,5.31
NZL,2007,56.65,6153.6,1443.3,53.39,5.62
NZL,2008,61.03,8866.22,1017.1,56.54,6.95
NZL,2009,63.53,16114.93,1310.0,62.76,6.8
NZL,2010,67.57,22106.44,2141.2,61.02,6.02
NZL,2011,68.1,18941.21,1447.9,64.15,7.4
NZL,2012,69.68,15564.82,1363.6,65.91,7.85
NZL,2013,71.11,41505.56,704.9,67.6,6.08
NZL,2014,72.94,18091.24,2011.1,70.19,8.11
NZL,2015,72.44,9090.31,2892.0,70.31,8.15
NZL,2016,75.67,14724.11,1673.6,71.04,8.11
NZL,2017,75.02,11434.04,2401.3,72.4,7.68
NZL,2018,77.62,23191.51,637.6,74.68,7.15
NZL,2019,78.56,19749.68,2749.9,74.75,8.58
NZL,2020,79.1,30756.73,2193.9,75.76,8.09
NZL,2021,83.66,24179.75,899.4,78.79,9.2
NZL,2022,82.58,15848.34,1791.1,81.67,9.53
NZL,2023,83.69,23833.41,1889.5,80.0,9.1
NZL,2024,83.14,13953.33,2017.1,80.88,9.13
NZL,2025,83.89,30655.28,2237.5,79.75,7.3
NOR,2000,37.77,3439.84,228.9,37.24,3.23
NOR,2001,39.73,4910.0,423.1,37.94,4.55
NOR,2002,43.38,4281.41,277.6,40.11,3.94
NOR,2003,45.05,6916.75,1504.3,41.05,3.94
NOR,2004,50.37,7801.16,720.8,42.92,4.93
NOR,2005,51.29,8848.13,866.0,50.7,5.78
NOR,2006,54.75,5673.44,1137.0,51.75,6.24
NOR,2007,58.38,10341.8,792.7,55.58,5.26
NOR,2008,60.52,8818.85,827.4,60.31,5.27
NOR,2009,63.27,10938.52,953.2,60.28,6.58
NOR,2010,66.97,15452.5,1172.3,60.77,6.52
NOR,2011,67.31,10690.7,1227.9,63.01,6.28
NOR,2012,68.39,25917.08,1680.2,63.59,7.29
NOR,2013,69.77,14431.5,1609.3,66.13,6.44
NOR,2014,72.27,14683.65,1128.1,67.33,6.72
NOR,2015,72.21,30399.92,3750.8,67.95,6.51
NOR,2016,74.42,14826.17,1213.7,69.22,7.33
NOR,2017,75.56,13357.84,2253.5,70.75,8.15
NOR,2018,77.54,20195.01,986.6,76.0,8.01
NOR,2019,79.33,13542.13,1853.6,73.07,8.43
NOR,2020,81.04,21409.49,660.9,74.59,7.99
NOR,2021,80.12,29745.64,951.4,77.83,7.45
NOR,2022,82.57,21795.26,2059.7,78.24,8.86
NOR,2023,83.43,20018.66,1760.2,78.44,7.51
NOR,2024,82.59,25503.84,1673.6,79.3,9.07
NOR,2025,83.22,26057.73,1912.6,80.61,9.37
CHE,2000,36.76,2564.65,313.3,35.26,3.45
CHE,2001,38.33,6979.66,550.4,38.74,4.17
CHE,2002,43.44,8565.45,778.1,41.72,4.72
CHE,2003,46.39,10203.8,1073.7,42.18,5.14
CHE,2004,48.75,9119.75,431.0,46.86,4.96
CHE,2005,51.09,10729.95,696.2,51.2,4.9
CHE,2006,52.82,11164.48,1237.0,49.48,5.36
CHE,2007,56.82,12329.96,619.3,53.89,5.42
CHE,2008,59.67,14246.45,946.5,58.22,5.22
CHE,2009,63.64,13664.21,1768.9,60.55,6.51
CHE,2010,66.13,11162.53,2222.9,64.24,7.38
CHE,2011,68.08,15000.61,1718.9,63.45,6.03
CHE,2012,67.29,13930.32,1060.7,63.53,7.81
CHE,2013,70.71,21165.8,2894.9,68.76,6.43
CHE,2014,71.72,26842.23,1208.6,68.09,7.02
CHE,2015,73.71,13109.2,1622.4,66.9,7.75
CHE,2016,73.8,14667.69,980.3,67.32,6.41
CHE,2017,75.2,11974.02,1907.8,71.19,8.3
CHE,2018,76.09,27008.38,2085.4,72.98,8.68
CHE,2019,77.78,20297.2,1787.7,73.78,8.79
CHE,2020,77.34,24024.5,2160.2,71.41,8.25
CHE,2021,80.28,17567.36,2681.2,76.62,8.7
CHE,2022,81.58,29460.82,846.7,80.1,8.28
CHE,2023,81.78,18372.36,1229.8,80.3,7.5
CHE,2024,85.1,19608.06,1323.9,81.57,7.67
CHE,2025,83.46,22156.72,1188.9,79.24,8.75
JPN,2000,35.55,4727.11,169.9,31.87,3.31
JPN,2001,39.91,4521.93,260.6,36.57,3.96
JPN,2002,41.92,7253.39,232.0,39.63,4.3
JPN,2003,45.75,10256.51,351.9,42.91,4.04
JPN,2004,48.89,7329.92,598.1,45.72,5.12
JPN,2005,51.19,10692.82,737.1,48.16,5.01
JPN,2006,54.87,10057.57,897.7,54.08,5.22
JPN,2007,57.27,6856.28,1045.1,56.64,5.64
JPN,2008,59.77,11132.63,1068.5,56.63,6.17
JPN,2009,63.2,15116.43,847.9,58.53,5.53
JPN,2010,66.07,18037.19,1371.0,63.92,7.1
JPN,2011,66.77,17337.02,1249.5,62.98,7.68
JPN,2012,69.4,13379.7,1596.9,65.46,6.51
JPN,2013,68.87,16380.18,890.5,68.17,6.62
JPN,2014,71.38,29588.68,1867.9,67.67,8.08
JPN,2015,72.64,17722.77,1137.7,69.87,8.2
JPN,2016,72.82,14505.06,1609.4,70.19,8.2
JPN,2017,76.42,22387.07,556.0,71.91,7.61
JPN,2018,77.33,16736.77,2109.9,72.31,7.43
JPN,2019,78.85,17337.95,2483.6,72.72,7.26
JPN,2020,78.69,24904.08,3688.0,74.37,7.62
JPN,2021,81.47,25530.72,2147.7,76.97,7.7
JPN,2022,82.28,14856.99,2871.4,82.41,8.83
JPN,2023,81.98,25831.82,1500.4,76.0,8.81
JPN,2024,83.27,14208.06,3683.5,79.75,8.4
JPN,2025,84.02,21055.47,2753.0,79.92,9.5
ISR,2000,36.9,4108.59,156.5,32.05,3.44
ISR,2001,38.99,3817.54,365.7,37.82,3.78
ISR,2002,43.41,7545.09,545.1,38.73,4.59
ISR,2003,45.83,9771.55,542.0,42.48,4.29
ISR,2004,48.4,9332.49,848.0,46.1,4.74
ISR,2005,52.42,12482.42,1070.1,47.42,4.5
ISR,2006,53.83,11801.08,428.9,50.28,4.65
ISR,2007,57.09,10281.61,1659.6,52.5,5.01
ISR,2008,60.18,14673.03,1273.0,58.16,5.56
ISR,2009,63.27,13057.52,1168.9,59.68,7.01
ISR,2010,65.5,17925.81,1258.1,61.03,6.08
ISR,2011,67.74,16618.34,3098.6,62.76,6.52
ISR,2012,67.62,16672.52,3382.6,64.28,7.78
ISR,2013,70.63,15025.25,1517.5,67.41,7.63
ISR,2014,70.42,16720.02,1242.9,71.5,7.24
ISR,2015,72.46,14380.24,1005.1,70.15,6.3
ISR,2016,73.91,17873.16,2025.0,68.77,8.34
ISR,2017,74.5,22422.94,1778.7,70.13,8.0
ISR,2018,76.95,16445.4,1098.9,74.59,7.61
ISR,2019,77.34,28693.97,5079.2,71.37,8.83
ISR,2020,79.47,15683.89,1101.3,74.79,7.18
ISR,2021,80.27,21075.65,2109.9,77.3,6.94
ISR,2022,80.54,40168.55,1962.1,75.04,9.3
ISR,2023,82.99,21600.88,1721.4,77.72,7.93
ISR,2024,83.35,27020.6,1260.5,77.55,7.71
ISR,2025,83.21,12591.07,1722.5,79.69,8.11
EST,2000,37.58,3837.0,253.1,35.02,3.77
EST,2001,39.23,5093.51,305.6,38.25,3.43
EST,2002,41.74,8386.82,683.4,42.25,3.72
EST,2003,44.1,7700.99,559.4,42.88,4.83
EST,2004,47.26,8967.44,479.5,45.87,5.31
EST,2005,51.22,10485.89,793.6,49.32,5.65
EST,2006,53.12,12522.71,547.3,49.23,5.71
EST,2007,56.47,8685.18,922.7,53.74,5.16
EST,2008,59.96,18699.81,747.8,54.5,5.61
EST,2009,63.36,11609.19,598.7,58.19,5.32
EST,2010,66.11,11018.21,1181.9,63.03,6.5
EST,2011,67.08,10898.69,1447.9,63.68,6.86
EST,2012,68.39,7861.68,959.4,64.81,6.15
EST,2013,69.0,20964.39,1733.0,65.58,6.93
EST,2014,70.83,19314.04,907.7,68.14,6.18
EST,2015,70.51,6999.41,869.3,71.32,7.37
EST,2016,73.82,26147.47,1502.7,71.44,6.55
EST,2017,73.55,20687.41,2035.7,74.49,7.63
EST,2018,77.11,21787.4,2502.9,74.18,7.13
EST,2019,77.3,25833.5,4563.5,72.54,6.8
EST,2020,79.2,17316.14,1174.1,70.82,8.0
EST,2021,80.48,17733.72,3733.7,76.28,9.2
EST,2022,82.03,26990.61,1975.7,79.6,9.11
EST,2023,82.04,23766.08,1592.9,78.75,7.9
EST,2024,81.0,24420.8,2992.4,80.47,7.67
EST,2025,84.36,25424.61,753.6,81.59,7.44
AUT,2000,36.19,3409.99,144.4,35.15,3.12
AUT,2001,40.11,5654.56,1097.3,38.71,4.24
AUT,2002,42.93,10218.23,423.3,37.08,3.61
AUT,2003,45.72,5680.45,513.3,41.83,4.0
AUT,2004,47.02,10507.09,826.9,45.51,5.36
AUT,2005,52.07,5025.88,784.6,48.76,4.82
AUT,2006,55.68,17181.12,558.8,50.45,5.43
AUT,2007,57.13,18349.88,1450.5,53.1,4.92
AUT,2008,59.07,9210.04,928.1,56.21,5.22
AUT,2009,62.13,6665.67,1364.3,58.04,6.47
AUT,2010,65.59,13724.8,1658.6,59.49,6.16
AUT,2011,66.36,12806.39,658.9,64.08,6.51
AUT,2012,67.05,8826.21,1722.6,61.88,6.86
AUT,2013,69.58,11575.09,1126.0,65.38,7.08
AUT,2014,69.78,14774.36,2055.1,67.37,7.66
AUT,2015,71.4,10606.88,1610.2,67.71,7.99
AUT,2016,74.07,13648.91,2776.4,66.97,7.83
AUT,2017,72.68,27617.32,1130.7,69.87,7.33
AUT,2018,75.98,10802.39,1401.5,74.43,6.57
AUT,2019,78.72,27228.87,3746.4,72.53,7.74
AUT,2020,78.42,12589.18,2500.6,73.16,7.59
AUT,2021,79.87,15284.25,1149.1,76.39,6.92
AUT,2022,81.99,21314.61,2196.1,75.81,7.43
AUT,2023,82.61,46073.56,1521.0,77.17,9.3
AUT,2024,82.27,18171.63,1522.9,79.28,9.34
AUT,2025,81.72,22161.94,2697.2,78.18,7.37
BEL,2000,35.89,3035.2,157.1,34.4,3.35
BEL,2001,39.3,4330.12,300.8,39.3,3.77
BEL,2002,41.39,5656.38,379.9,40.51,4.72
BEL,2003,44.73,7611.6,241.7,43.02,4.75
BEL,2004,47.71,14765.66,448.3,45.73,4.6
BEL,2005,50.62,9271.95,762.7,49.37,4.82
BEL,2006,54.33,13574.11,622.1,51.94,5.02
BEL,2007,57.28,22636.04,873.0,50.19,5.27
BEL,2008,60.1,14986.85,1115.4,57.69,5.08
BEL,2009,61.72,18089.46,2026.8,59.4,6.39
BEL,2010,64.9,12325.07,2366.6,61.88,7.44
BEL,2011,64.78,12793.96,1245.6,65.0,6.7
BEL,2012,69.02,14763.58,2620.3,63.81,7.43
BEL,2013,68.42,19931.13,1292.2,64.86,6.54
BEL,2014,70.07,23616.57,1705.8,67.07,7.85
BEL,2015,72.07,23575.35,1002.8,65.55,6.96
BEL,2016,72.88,20466.73,1721.0,68.79,7.2
BEL,2017,74.67,15737.37,1329.7,73.59,6.83
BEL,2018,75.93,11303.92,1485.0,71.19,7.55
BEL,2019,78.17,17130.96,688.8,74.38,8.53
BEL,2020,79.23,21931.9,1670.0,76.4,7.19
BEL,2021,80.06,15218.67,1825.1,76.35,7.59
BEL,2022,80.97,40895.27,2232.4,79.19,9.05
BEL,2023,82.75,23436.41,1261.6,76.12,7.45
BEL,2024,82.66,15702.4,2606.5,78.05,8.41
BEL,2025,83.44,28805.37,1851.2,80.91,9.04
IRL,2000,35.03,3417.28,623.1,35.2,3.97
IRL,2001,39.97,4228.02,582.1,37.61,3.99
IRL,2002,42.91,5466.73,785.6,39.73,4.06
IRL,2003,43.72,5698.51,362.1,42.25,3.9
IRL,2004,46.13,5143.12,876.8,44.33,4.62
IRL,2005,51.76,7754.86,720.5,49.31,5.52
IRL,2006,52.82,8575.64,619.9,52.9,4.77
IRL,2007,56.05,11029.07,1557.6,55.48,5.9
IRL,2008,59.82,12923.16,673.0,55.88,6.56
IRL,2009,61.27,19539.8,956.0,58.33,6.86
IRL,2010,65.72,17450.86,1141.6,59.88,6.86
IRL,2011,67.82,14421.57,2363.7,61.84,6.87
IRL,2012,67.24,11361.66,594.6,65.82,6.17
IRL,2013,68.96,13497.62,1463.0,63.75,6.89
IRL,2014,69.61,12252.16,1026.4,65.93,7.5
IRL,2015,70.77,17687.75,1194.9,67.33,6.07
IRL,2016,72.45,21601.67,2567.8,68.32,7.18
IRL,2017,74.36,20136.66,2786.8,71.06,6.5
IRL,2018,74.15,26828.52,1403.5,73.07,8.17
IRL,2019,75.16,19845.42,781.3,72.5,7.04
IRL,2020,79.16,13291.57,1073.0,74.04,8.5
IRL,2021,78.7,26629.31,2030.1,75.63,8.3
IRL,2022,80.9,26496.26,1095.4,77.95,9.15
IRL,2023,81.25,19643.94,2029.4,72.99,7.31
IRL,2024,81.88,20628.64,2321.7,77.78,7.84
IRL,2025,81.77,21611.96,1854.5,78.75,7.31
ESP,2000,35.71,4582.4,435.3,31.77,3.83
ESP,2001,37.98,4797.14,244.3,36.79,4.29
ESP,2002,41.79,4488.97,262.4,42.31,4.28
ESP,2003,45.74,6548.96,365.1,42.04,5.13
ESP,2004,48.25,6506.99,808.1,43.82,4.38
ESP,2005,50.85,13339.52,1085.9,47.03,4.34
ESP,2006,53.93,11733.3,688.2,47.98,4.96
ESP,2007,56.58,7992.37,1157.5,53.58,5.89
ESP,2008,58.26,10118.07,517.2,54.96,5.81
ESP,2009,62.12,10943.02,520.5,61.06,6.06
ESP,2010,63.98,19371.51,1472.8,60.74,6.72
ESP,2011,64.85,33008.41,1514.8,61.68,6.43
ESP,2012,67.31,24276.32,964.3,64.41,6.16
ESP,2013,67.99,16400.61,1305.2,64.85,6.69
ESP,2014,70.57,25604.33,1285.9,65.03,7.31
ESP,2015,70.52,20709.74,1734.6,67.1,6.71
ESP,2016,71.69,16090.94,2107.3,70.07,7.36
ESP,2017,72.62,18470.88,2938.4,67.16,6.31
ESP,2018,75.07,15180.27,1310.8,70.68,7.57
ESP,2019,77.08,16050.42,869.1,73.75,7.25
ESP,2020,77.75,12175.76,1807.0,74.87,6.86
ESP,2021,81.08,19134.96,3440.6,78.02,8.17
ESP,2022,80.83,15424.57,2502.0,77.87,8.34
ESP,2023,81.1,19867.03,2134.3,77.34,9.31
ESP,2024,81.15,19731.09,2683.0,78.47,9.2
ESP,2025,83.11,15334.27,1395.6,77.28,8.66
PRT,2000,35.25,4072.46,450.4,36.17,3.09
PRT,2001,37.99,8441.16,334.7,36.96,4.07
PRT,2002,40.63,4027.66,556.4,38.25,3.98
PRT,2003,44.75,4973.88,638.8,44.37,4.94
PRT,2004,47.18,4744.41,465.0,43.12,4.35
PRT,2005,50.19,4716.79,411.7,46.58,4.49
PRT,2006,52.67,11222.59,1126.2,51.16,5.99
PRT,2007,55.2,12305.88,1075.6,52.9,6.23
PRT,2008,57.74,9570.34,1142.9,55.2,5.38
PRT,2009,61.11,10839.93,809.1,56.18,6.27
PRT,2010,64.66,10978.28,1580.0,59.81,6.53
PRT,2011,65.19,12509.45,1006.9,61.98,7.36
PRT,2012,66.5,10587.64,1526.7,62.45,7.08
PRT,2013,69.3,8002.39,1465.9,67.36,7.0
PRT,2014,68.15,11872.56,1891.3,64.63,6.21
PRT,2015,70.72,13678.96,1034.3,68.33,7.15
PRT,2016,72.78,11384.9,1234.1,67.12,8.22
PRT,2017,74.31,24089.44,1064.9,65.4,7.86
PRT,2018,74.52,15977.67,1098.2,73.24,6.51
PRT,2019,76.17,16938.07,1446.8,72.38,8.03
PRT,2020,76.93,23588.28,2502.6,71.55,7.31
PRT,2021,78.59,9141.66,687.3,73.05,7.41
PRT,2022,80.08,21054.46,3606.4,73.94,7.69
PRT,2023,79.89,16146.66,1690.9,74.02,9.22
PRT,2024,81.05,37459.16,1670.4,78.57,8.44
PRT,2025,80.64,17283.18,1796.1,78.11,8.78
CZE,2000,35.43,3277.74,233.6,32.81,3.28
CZE,2001,37.91,8131.3,306.6,36.74,3.96
CZE,2002,41.54,6479.11,787.3,39.31,4.22
CZE,2003,43.18,11487.73,491.7,45.19,4.31
CZE,2004,47.55,5577.05,1497.5,45.45,3.98
CZE,2005,48.94,11044.45,1482.8,44.53,5.53
CZE,2006,53.96,5505.76,1163.5,49.06,4.77
CZE,2007,54.38,9822.82,715.9,52.27,5.18
CZE,2008,57.17,9838.39,1424.4,55.29,6.41
CZE,2009,59.75,6961.63,624.3,59.59,5.22
CZE,2010,62.45,13135.0,1111.0,61.07,5.74
CZE,2011,64.72,15504.72,1101.3,62.07,6.12
CZE,2012,65.09,20461.44,1442.4,62.68,6.09
CZE,2013,66.68,14884.13,2032.8,63.54,6.02
CZE,2014,69.1,16644.12,1093.0,65.7,6.5
CZE,2015,69.65,24727.29,1951.3,64.82,7.06
CZE,2016,70.49,14493.58,857.0,66.81,7.96
CZE,2017,72.48,15514.35,2230.6,69.03,7.98
CZE,2018,75.32,16057.78,1435.6,70.36,6.64
CZE,2019,75.6,13952.14,2078.7,71.54,8.03
CZE,2020,75.29,26973.97,1075.4,72.47,7.86
CZE,2021,77.2,25886.55,1291.4,72.07,6.76
CZE,2022,79.05,16813.81,2146.9,73.24,8.99
CZE,2023,78.9,26181.74,2651.7,74.56,6.99
CZE,2024,81.77,34238.07,1039.2,78.15,8.43
CZE,2025,81.64,23902.5,1102.5,75.97,8.97
POL,2000,33.89,3894.95,237.9,34.31,3.24
POL,2001,38.26,3844.81,346.5,37.58,4.02
POL,2002,39.69,6360.3,535.9,37.33,3.46
POL,2003,43.5,4650.16,547.3,41.19,4.38
POL,2004,45.2,8272.49,700.6,43.43,5.16
POL,2005,48.0,9631.1,839.5,45.07,4.13
POL,2006,51.65,8153.22,461.8,50.55,5.43
POL,2007,54.14,18931.09,747.3,55.78,4.61
POL,2008,58.07,10122.01,1030.4,55.07,6.11
POL,2009,59.26,13250.6,1080.4,55.03,5.39
POL,2010,60.91,11049.63,770.7,62.98,6.24
POL,2011,63.92,11114.57,1068.2,61.03,5.93
POL,2012,63.94,11658.95,1294.2,60.12,7.28
POL,2013,66.0,10214.87,1788.5,63.7,7.19
POL,2014,67.77,18978.55,596.9,65.2,6.26
POL,2015,69.01,17345.14,839.9,62.88,6.46
POL,2016,69.57,19580.83,743.8,64.89,6.09
POL,2017,70.21,10873.76,749.9,66.36,7.68
POL,2018,73.27,16231.24,2082.4,66.87,7.55
POL,2019,74.63,15213.97,1115.0,71.8,7.45
POL,2020,75.86,20120.53,1256.8,72.01,7.0
POL,2021,75.51,15383.21,1505.2,72.43,7.45
POL,2022,79.42,25204.07,1831.2,71.77,7.95
POL,2023,76.75,25362.08,2720.7,74.44,7.81
POL,2024,79.33,20500.83,1228.0,73.53,7.31
POL,2025,80.16,12418.97,1315.9,77.75,6.92
HUN,2000,35.11,3308.57,277.4,34.31,3.22
HUN,2001,37.26,3340.69,469.9,33.92,3.5
HUN,2002,40.43,6491.3,433.7,36.48,4.1
HUN,2003,43.17,6877.9,723.9,40.21,3.89
HUN,2004,44.37,6619.82,613.6,41.85,4.33
HUN,2005,49.04,7492.45,640.1,43.72,4.8
HUN,2006,50.17,7926.92,809.6,43.78,5.05
HUN,2007,52.8,7882.42,1185.6,49.95,5.14
HUN,2008,55.16,6172.1,538.8,54.43,5.57
HUN,2009,59.49,10521.5,1858.6,56.68,6.14
HUN,2010,60.8,10213.93,1502.3,56.03,5.77
HUN,2011,62.84,9681.44,954.0,59.69,6.13
HUN,2012,63.32,11423.5,1381.4,61.15,6.38
HUN,2013,65.73,14685.51,1389.6,64.79,7.38
HUN,2014,65.42,36519.97,1416.5,63.64,6.03
HUN,2015,67.61,13028.94,971.5,65.1,6.28
HUN,2016,69.68,21216.91,1732.7,65.09,7.37
HUN,2017,70.67,19849.39,664.8,66.08,7.32
HUN,2018,70.79,21237.05,1457.8,68.64,7.94
HUN,2019,72.28,15338.31,1348.7,68.92,6.39
HUN,2020,73.02,17304.23,1229.3,69.81,6.94
HUN,2021,75.78,10701.73,1229.3,72.54,8.31
HUN,2022,76.86,11501.43,1321.5,72.99,6.85
HUN,2023,76.37,13716.9,1505.8,73.79,8.44
HUN,2024,76.81,16468.21,503.5,72.81,7.91
HUN,2025,77.49,19409.72,1469.6,70.93,7.27
SVN,2000,34.35,4340.24,130.4,32.45,3.24
SVN,2001,36.3,4803.54,265.5,32.62,3.89
SVN,2002,38.64,5488.92,290.2,38.38,4.28
SVN,2003,41.53,5867.46,488.6,40.45,4.15
SVN,2004,43.48,7095.25,619.7,42.45,4.87
SVN,2005,46.54,6973.82,389.8,42.42,4.65
SVN,2006,48.54,10727.69,858.5,46.17,4.9
SVN,2007,53.52,8517.92,881.3,51.28,5.18
SVN,2008,55.04,6825.5,502.4,53.63,5.95
SVN,2009,56.37,19200.99,1100.9,55.03,6.42
SVN,2010,60.73,13000.9,849.2,55.95,6.53
SVN,2011,61.81,17156.47,1073.4,60.65,5.26
SVN,2012,63.48,18359.61,711.7,64.23,6.9
SVN,2013,65.56,16106.4,2307.4,62.4,7.39
SVN,2014,65.18,12798.47,1174.7,60.5,5.92
SVN,2015,67.01,15039.55,1037.0,66.51,5.91
SVN,2016,67.9,15302.93,1031.9,66.48,6.11
SVN,2017,70.06,20694.6,995.3,65.97,6.89
SVN,2018,70.96,28368.12,1695.8,69.42,7.27
SVN,2019,70.9,12256.71,1193.4,69.59,8.04
SVN,2020,74.39,11244.39,773.3,70.37,8.42
SVN,2021,74.32,9682.42,2436.3,72.24,7.11
SVN,2022,74.12,24334.53,1765.1,70.08,8.55
SVN,2023,77.12,16563.23,2258.8,72.61,8.57
SVN,2024,77.6,23991.36,2449.2,74.47,7.66
SVN,2025,76.85,19609.97,1521.2,73.38,7.31
LTU,2000,34.64,3379.58,234.2,34.31,3.14
LTU,2001,37.53,6270.59,261.7,35.54,3.54
LTU,2002,38.96,6528.0,224.5,37.39,3.89
LTU,2003,40.62,7151.33,542.3,38.09,4.56
LTU,2004,44.73,5893.88,784.7,42.68,4.35
LTU,2005,47.03,7826.52,587.7,45.64,5.31
LTU,2006,49.94,8037.71,349.6,45.77,4.55
LTU,2007,52.11,6511.24,396.1,49.48,5.39
LTU,2008,55.65,15605.22,930.1,52.86,6.25
LTU,2009,57.81,10311.69,1246.3,53.43,6.04
LTU,2010,61.44,11706.2,1124.9,56.75,5.46
LTU,2011,60.47,17354.79,732.0,59.2,6.31
LTU,2012,62.5,17834.5,519.9,60.93,6.33
LTU,2013,64.02,15252.54,1341.7,59.49,5.53
LTU,2014,65.76,9534.44,1026.7,64.0,7.22
LTU,2015,67.07,10010.77,1380.3,64.39,6.28
LTU,2016,67.97,16411.17,1136.5,63.4,6.19
LTU,2017,70.59,15994.47,1506.6,63.5,6.73
LTU,2018,69.39,15905.63,1210.7,67.16,6.73
LTU,2019,72.54,16947.43,927.0,67.07,7.96
LTU,2020,72.38,28072.98,1569.5,68.52,7.79
LTU,2021,75.91,14124.33,662.5,72.37,6.5
LTU,2022,73.91,11319.36,2478.1,71.57,6.48
LTU,2023,75.19,26966.33,1916.4,71.95,7.41
LTU,2024,77.36,14754.8,1176.5,69.8,7.81
LTU,2025,76.5,14383.89,1647.3,72.76,8.09
LVA,2000,33.65,2775.0,317.5,31.84,3.86
LVA,2001,37.18,3378.98,459.6,35.36,3.95
LVA,2002,38.63,4361.57,336.7,36.64,4.29
LVA,2003,42.79,9181.77,469.8,37.37,3.83
LVA,2004,45.21,6806.16,386.1,41.46,4.5
LVA,2005,46.89,6965.38,990.4,44.43,4.98
LVA,2006,49.12,11213.48,861.4,47.77,5.46
LVA,2007,52.24,16921.05,500.3,49.33,5.78
LVA,2008,54.54,9115.59,898.2,51.55,5.37
LVA,2009,57.57,8059.97,432.2,54.49,5.33
LVA,2010,58.92,14293.46,432.9,54.73,5.24
LVA,2011,61.46,14965.64,739.0,58.08,5.8
LVA,2012,61.28,13401.23,842.1,57.57,6.56
LVA,2013,63.43,15080.26,2980.3,62.35,5.55
LVA,2014,64.19,7640.2,634.7,63.44,7.32
LVA,2015,65.28,13388.44,727.1,60.86,5.86
LVA,2016,67.1,11588.34,839.0,64.67,5.76
LVA,2017,69.03,17793.5,1116.3,64.65,7.42
LVA,2018,70.36,14619.24,1256.2,65.08,6.58
LVA,2019,71.54,17920.74,1501.0,67.86,7.37
LVA,2020,72.42,21292.72,1851.5,68.47,7.36
LVA,2021,74.04,19930.97,1478.5,70.18,6.86
LVA,2022,74.34,39657.59,1166.8,71.1,7.56
LVA,2023,74.69,27134.92,1047.7,70.82,7.14
LVA,2024,74.56,10341.89,1787.2,76.3,7.39
LVA,2025,75.99,22870.18,1050.3,74.62,6.59
SVK,2000,33.19,3360.63,275.5,31.34,3.49
SVK,2001,36.55,2985.24,321.9,31.46,3.36
SVK,2002,39.27,5694.06,437.9,36.51,3.97
SVK,2003,40.05,6889.42,604.4,40.19,3.6
SVK,2004,42.99,7774.67,607.4,43.17,4.96
SVK,2005,44.83,8816.95,543.7,41.17,4.59
SVK,2006,48.64,6407.11,1082.9,49.2,5.62
SVK,2007,52.74,9455.09,1431.1,48.19,5.02
SVK,2008,54.59,9081.41,1032.0,49.17,6.18
SVK,2009,56.43,6679.48,553.5,55.11,5.25
SVK,2010,57.18,9439.13,838.1,56.77,6.68
SVK,2011,60.73,9514.48,1011.8,57.34,5.49
SVK,2012,61.42,11503.97,796.5,58.3,5.94
SVK,2013,62.75,10437.23,992.1,60.12,6.9
SVK,2014,63.97,17859.39,1720.9,60.92,6.22
SVK,2015,64.57,12771.02,1527.4,62.54,6.41
SVK,2016,67.85,10611.06,2638.2,63.1,6.08
SVK,2017,67.81,15865.24,1453.3,64.34,7.63
SVK,2018,69.25,9889.54,1146.2,66.16,6.91
SVK,2019,69.77,7629.8,1176.2,71.01,6.18
SVK,2020,71.73,18821.56,932.8,66.04,6.47
SVK,2021,73.21,9214.27,814.1,69.26,6.84
SVK,2022,72.76,11497.53,1760.6,68.65,6.45
SVK,2023,75.14,12055.96,1581.8,73.45,7.24
SVK,2024,74.26,17010.36,898.7,70.79,7.18
SVK,2025,76.12,19301.78,874.9,72.56,8.62
HRV,2000,32.52,3010.14,349.9,31.95,3.02
HRV,2001,35.12,4371.71,181.8,33.29,3.13
HRV,2002,38.77,3549.94,192.5,32.85,3.34
HRV,2003,41.1,3668.08,236.4,41.49,4.67
HRV,2004,42.13,8170.51,623.6,38.97,3.71
HRV,2005,44.8,15731.66,289.7,42.13,4.9
HRV,2006,46.79,12551.46,1628.5,45.43,4.4
HRV,2007,51.47,8530.16,606.0,47.62,4.75
HRV,2008,53.74,11008.47,667.5,49.39,5.45
HRV,2009,55.7,14104.58,1134.8,51.36,5.16
HRV,2010,59.2,8462.83,1213.4,56.46,6.68
HRV,2011,61.29,12781.67,1503.3,57.81,6.03
HRV,2012,62.33,12829.93,853.2,57.01,5.79
HRV,2013,62.54,12589.7,1682.2,56.48,6.73
HRV,2014,63.82,10589.5,2673.3,60.51,5.88
HRV,2015,64.36,7434.68,784.8,63.25,6.59
HRV,2016,66.06,20657.44,1874.8,63.72,7.53
HRV,2017,66.66,11261.8,759.1,62.54,6.06
HRV,2018,68.18,9209.74,1270.1,65.63,7.27
HRV,2019,70.56,16514.17,1356.1,66.06,6.83
HRV,2020,70.53,17098.11,1110.4,67.08,7.28
HRV,2021,71.67,13182.26,805.8,69.44,7.74
HRV,2022,74.11,17719.02,857.3,69.49,7.62
HRV,2023,73.19,13420.22,1966.0,70.11,8.17
HRV,2024,75.92,17950.11,1899.3,71.45,7.75
HRV,2025,76.3,15340.37,1183.1,72.3,7.67
ITA,2000,33.08,3832.23,217.3,32.32,3.52
ITA,2001,35.51,4099.13,484.1,35.18,3.84
ITA,2002,37.35,5347.2,385.3,34.13,4.22
ITA,2003,40.78,4376.17,310.8,39.55,4.53
ITA,2004,42.61,4603.98,391.3,41.91,4.29
ITA,2005,45.61,7819.77,1299.6,43.44,4.48
ITA,2006,47.54,8483.2,572.3,45.85,5.35
ITA,2007,50.92,8657.41,633.3,47.48,4.38
ITA,2008,53.89,12870.53,716.2,51.36,5.65
ITA,2009,55.92,11930.37,1150.7,54.27,5.74
ITA,2010,58.71,12334.75,1350.4,54.65,5.34
ITA,2011,58.01,13415.05,658.2,56.68,6.23
ITA,2012,60.03,11446.96,890.2,57.71,6.03
ITA,2013,61.82,9845.79,345.0,58.39,6.76
ITA,2014,64.27,18113.19,1430.0,60.39,7.1
ITA,2015,65.28,13295.8,754.2,58.86,7.28
ITA,2016,66.34,27236.43,1105.9,61.45,6.58
ITA,2017,66.94,8328.25,1385.5,64.99,6.27
ITA,2018,68.06,17205.53,1225.5,63.76,6.02
ITA,2019,69.59,18811.91,447.4,68.0,7.47
ITA,2020,70.14,18079.02,1512.9,66.28,6.45
ITA,2021,71.42,13055.68,1950.5,69.87,7.35
ITA,2022,73.83,13227.57,1709.8,68.07,7.73
ITA,2023,73.0,15804.6,1932.8,69.64,6.76
ITA,2024,73.53,22268.3,961.2,71.18,6.89
ITA,2025,75.2,13823.79,2298.2,71.51,6.52
GRC,2000,33.72,3201.63,755.5,31.38,3.53
GRC,2001,33.73,2374.78,266.0,36.35,3.26
GRC,2002,37.1,4356.68,577.2,36.33,3.58
GRC,2003,40.55,4807.66,449.5,40.18,3.5
GRC,2004,42.54,4337.27,267.7,41.38,4.86
GRC,2005,45.65,7940.12,331.1,41.45,4.54
GRC,2006,47.08,11038.81,749.9,45.51,5.49
GRC,2007,50.59,7041.95,426.5,47.04,4.34
GRC,2008,51.72,5107.31,526.6,52.02,4.5
GRC,2009,55.09,21023.52,778.4,53.19,4.97
GRC,2010,58.38,8963.8,1995.1,56.53,5.07
GRC,2011,57.82,8527.75,1476.2,54.91,5.74
GRC,2012,60.77,6448.66,1041.8,56.11,5.98
GRC,2013,62.26,23172.87,1654.4,58.08,5.46
GRC,2014,63.2,17698.91,854.7,59.67,6.31
GRC,2015,64.35,12503.14,964.8,62.84,7.23
GRC,2016,67.79,22417.76,894.5,64.35,6.62
GRC,2017,67.94,9619.77,816.5,63.69,5.76
GRC,2018,66.82,11562.46,1590.4,65.96,7.65
GRC,2019,68.98,22123.04,1862.6,66.26,5.89
GRC,2020,69.11,14527.27,1512.8,66.56,6.21
GRC,2021,71.2,11820.32,790.5,66.53,7.69
GRC,2022,72.21,16661.7,1507.9,67.87,6.3
GRC,2023,73.76,13863.7,1514.3,66.58,8.29
GRC,2024,73.79,9481.21,1976.1,72.15,7.45
GRC,2025,73.76,22587.02,1061.1,71.73,7.61
ROU,2000,31.29,2577.67,212.3,32.43,3.24
ROU,2001,34.51,2920.04,292.6,35.85,3.16
ROU,2002,38.46,6046.84,285.9,34.9,3.43
ROU,2003,41.2,2600.11,522.0,37.16,3.57
ROU,2004,42.01,5112.53,338.4,40.05,4.26
ROU,2005,45.24,4426.99,360.0,44.55,4.83
ROU,2006,47.03,7269.82,440.7,47.53,4.06
ROU,2007,49.9,11986.51,478.3,46.51,4.8
ROU,2008,52.68,10152.52,1623.6,50.3,5.62
ROU,2009,54.88,10272.34,781.5,52.55,4.67
ROU,2010,56.87,13125.74,670.5,53.15,5.28
ROU,2011,58.29,11629.66,474.9,55.88,5.4
ROU,2012,61.31,15940.2,1080.6,57.7,5.75
ROU,2013,60.35,8403.0,1705.8,59.52,5.73
ROU,2014,60.61,12955.71,792.2,59.17,6.99
ROU,2015,63.72,17843.39,955.8,59.54,6.45
ROU,2016,64.47,10026.08,413.1,62.01,6.77
ROU,2017,65.23,9548.55,1087.2,60.34,5.68
ROU,2018,67.31,17825.91,934.3,63.01,7.65
ROU,2019,69.01,15723.96,958.3,63.93,7.83
ROU,2020,68.19,16665.43,1062.9,65.75,5.99
ROU,2021,68.87,12511.0,744.4,69.76,7.76
ROU,2022,73.38,9714.08,1141.7,67.53,6.63
ROU,2023,72.07,16983.79,1472.5,67.72,6.78
ROU,2024,73.09,14364.08,1573.8,66.86,6.44
ROU,2025,73.72,23222.65,811.3,68.46,8.14
BGR,2000,31.87,3237.98,148.0,28.79,3.15
BGR,2001,35.4,3404.84,182.9,34.99,3.7
BGR,2002,38.01,3967.64,334.1,34.94,3.27
BGR,2003,38.66,5182.23,492.4,36.25,4.25
BGR,2004,42.76,8892.42,484.4,40.29,4.62
BGR,2005,44.89,8653.35,277.5,41.05,4.08
BGR,2006,46.75,8019.03,316.7,44.17,4.65
BGR,2007,49.95,5087.53,759.6,47.38,4.73
BGR,2008,52.02,8015.92,939.3,47.07,4.95
BGR,2009,53.38,5150.43,728.6,50.0,5.07
BGR,2010,56.11,12017.94,808.1,55.98,5.25
BGR,2011,59.88,10154.48,485.8,55.62,6.14
BGR,2012,59.39,9367.43,773.9,55.27,5.31
BGR,2013,60.7,11457.06,1376.2,56.33,6.16
BGR,2014,61.69,11952.21,811.9,62.02,6.79
BGR,2015,63.05,9860.11,1941.9,60.84,5.47
BGR,2016,64.0,13723.23,797.4,61.77,6.71
BGR,2017,64.5,12892.55,1200.3,62.1,7.25
BGR,2018,67.6,22288.39,683.2,63.52,6.05
BGR,2019,66.28,10495.09,797.2,62.55,6.53
BGR,2020,67.37,12228.26,464.8,65.49,7.27
BGR,2021,71.03,20039.8,669.3,67.45,7.96
BGR,2022,70.72,18560.49,774.4,66.01,6.72
BGR,2023,72.23,14241.49,1950.5,66.77,7.17
BGR,2024,71.19,19316.0,1113.4,68.0,6.36
BGR,2025,71.65,16857.87,1136.6,69.08,7.15
CHN,2000,36.5,3937.38,270.9,32.93,3.41
CHN,2001,38.85,5686.7,695.2,34.38,3.28
CHN,2002,42.19,4711.45,481.7,37.61,4.65
CHN,2003,44.14,7796.68,245.4,40.47,4.81
CHN,2004,47.7,3641.57,991.3,44.76,4.14
CHN,2005,50.99,7473.01,524.6,47.74,4.9
CHN,2006,52.99,11299.43,937.0,51.03,5.0
CHN,2007,55.35,8929.84,984.5,52.15,5.79
CHN,2008,57.32,4819.21,1025.5,56.1,6.46
CHN,2009,59.74,14977.52,1000.7,60.24,6.99
CHN,2010,62.88,15467.71,1346.8,61.99,6.8
CHN,2011,65.57,7005.5,968.8,62.82,6.3
CHN,2012,66.66,15715.14,2033.0,62.5,7.17
CHN,2013,68.82,24320.4,634.8,63.52,6.35
CHN,2014,68.62,17163.12,1154.9,66.6,7.12
CHN,2015,70.27,18153.65,2149.2,69.56,7.21
CHN,2016,70.72,16639.43,1727.5,67.81,6.66
CHN,2017,74.49,25650.39,902.6,68.6,6.76
CHN,2018,71.97,15726.51,1123.3,69.68,7.07
CHN,2019,75.52,13563.02,4496.9,72.66,6.53
CHN,2020,76.44,19177.95,2174.4,75.79,8.33
CHN,2021,76.95,24395.03,1204.1,72.74,8.1
CHN,2022,77.02,15081.26,1020.1,76.03,7.63
CHN,2023,79.65,14585.17,1368.8,75.22,9.19
CHN,2024,80.72,26276.95,1660.5,76.67,9.1
CHN,2025,82.2,16215.98,1812.5,76.98,8.31
IND,2000,29.59,3167.46,127.4,28.99,2.58
IND,2001,32.35,3510.46,160.5,29.59,2.85
IND,2002,36.04,4845.07,196.2,37.03,3.94
IND,2003,37.27,6013.94,655.6,34.3,4.01
IND,2004,40.76,4712.82,457.3,37.95,3.7
IND,2005,43.35,6771.25,576.9,38.55,4.18
IND,2006,43.85,6893.76,368.2,41.27,3.84
IND,2007,47.66,4993.74,288.5,44.14,4.81
IND,2008,49.42,8722.89,644.0,45.56,4.92
IND,2009,52.12,10709.58,609.2,50.53,5.15
IND,2010,54.3,8019.65,332.2,51.55,5.65
IND,2011,55.31,10895.62,618.7,51.01,5.35
IND,2012,57.4,8374.95,1148.3,51.96,5.92
IND,2013,55.02,13262.2,660.5,54.78,4.88
IND,2014,59.24,8022.96,771.8,54.88,5.44
IND,2015,59.33,9843.65,532.6,56.97,6.22
IND,2016,60.58,10216.19,2055.8,54.19,6.61
IND,2017,61.49,9066.69,1238.3,59.84,6.41
IND,2018,63.03,11382.46,853.0,59.57,5.85
IND,2019,64.65,15144.54,559.3,59.18,5.89
IND,2020,64.59,13358.19,1151.0,59.68,6.89
IND,2021,66.35,13359.45,1359.3,61.41,6.98
IND,2022,67.62,30665.44,1118.2,66.37,6.94
IND,2023,68.0,9775.98,1532.3,62.2,7.18
IND,2024,68.95,6006.58,885.8,65.94,6.36
IND,2025,68.64,10423.13,609.3,65.36,7.7
BRA,2000,28.36,3806.52,101.4,28.6,3.3
BRA,2001,30.53,2187.02,193.2,33.29,3.37
BRA,2002,33.51,1519.49,324.7,32.36,3.87
BRA,2003,36.54,4973.97,409.6,34.02,3.55
BRA,2004,37.76,5992.9,339.9,38.34,3.7
BRA,2005,41.18,10327.49,307.6,38.22,4.43
BRA,2006,41.54,5629.33,438.5,41.2,3.89
BRA,2007,45.35,12195.18,463.3,44.32,5.06
BRA,2008,47.51,6171.75,974.4,44.75,5.24
BRA,2009,49.28,7128.8,535.8,49.75,4.62
BRA,2010,52.05,4895.46,414.9,48.79,4.85
BRA,2011,53.89,4957.69,442.4,52.85,4.82
BRA,2012,55.53,6933.26,372.5,50.39,4.68
BRA,2013,55.68,12663.23,916.8,52.03,5.81
BRA,2014,58.0,9370.27,1662.9,51.54,5.55
BRA,2015,56.86,6600.65,587.4,54.43,6.53
BRA,2016,59.3,12600.55,1023.1,57.03,5.63
BRA,2017,59.38,8271.09,706.9,60.55,5.14
BRA,2018,61.08,11744.8,484.1,56.56,5.63
BRA,2019,62.1,15126.02,1077.7,60.19,5.72
BRA,2020,63.35,12708.64,683.6,60.03,6.25
BRA,2021,65.17,12848.52,1706.9,61.23,5.96
BRA,2022,65.75,7919.84,596.2,61.28,6.17
BRA,2023,64.66,14950.27,1548.5,63.47,7.47
BRA,2024,67.85,12842.36,958.5,63.78,6.9
BRA,2025,66.76,16090.06,653.4,63.24,5.74
RUS,2000,30.77,3347.55,182.9,27.52,2.79
RUS,2001,32.81,2115.07,209.8,31.84,3.05
RUS,2002,36.36,5416.57,290.6,31.72,4.08
RUS,2003,38.4,7011.23,370.0,38.2,3.47
RUS,2004,39.7,4237.36,760.9,39.03,3.75
RUS,2005,42.92,6741.71,223.5,41.54,3.84
RUS,2006,46.52,5912.52,442.3,41.63,4.52
RUS,2007,48.3,11494.37,630.6,44.99,4.45
RUS,2008,51.44,6438.49,584.3,44.56,4.57
RUS,2009,51.64,9147.82,281.3,50.48,4.71
RUS,2010,54.66,11588.75,790.2,51.1,5.31
RUS,2011,55.56,8776.49,475.0,52.42,5.42
RUS,2012,56.34,6703.79,1138.8,49.89,5.78
RUS,2013,58.45,11045.33,993.0,56.77,5.91
RUS,2014,59.45,11544.46,413.4,59.01,5.82
RUS,2015,59.01,12597.35,944.8,56.5,5.43
RUS,2016,62.26,11301.87,696.4,57.31,6.92
RUS,2017,62.33,10688.67,1228.7,59.48,6.48
RUS,2018,62.4,11123.12,700.5,61.13,5.49
RUS,2019,65.44,7609.75,1128.4,60.35,6.09
RUS,2020,65.61,8749.16,556.4,65.16,5.72
RUS,2021,66.47,9922.36,819.5,61.95,6.84
RUS,2022,66.13,18674.62,878.8,63.25,7.63
RUS,2023,69.68,13113.83,975.0,66.55,6.02
RUS,2024,68.11,17589.7,1743.0,65.75,6.56
RUS,2025,69.84,17221.51,785.3,63.87,7.9
ZAF,2000,29.04,1779.89,139.2,23.84,2.68
ZAF,2001,30.45,3686.59,106.2,28.61,3.32
ZAF,2002,32.28,3494.89,315.5,29.58,2.75
ZAF,2003,33.63,3570.27,210.0,32.85,2.93
ZAF,2004,36.93,5604.82,194.5,34.48,3.7
ZAF,2005,38.43,2615.1,470.3,35.86,3.44
ZAF,2006,41.02,5390.61,798.1,38.52,3.91
ZAF,2007,42.37,6798.61,424.8,42.27,3.89
ZAF,2008,46.38,5394.71,473.5,42.74,5.12
ZAF,2009,47.75,5272.44,370.5,42.98,5.41
ZAF,2010,49.48,8773.68,315.2,47.19,4.28
ZAF,2011,50.01,10841.5,1408.9,46.76,4.46
ZAF,2012,51.1,13122.63,878.3,48.96,4.41
ZAF,2013,52.64,10916.94,514.4,49.76,5.13
ZAF,2014,54.3,8026.3,621.4,52.33,4.75
ZAF,2015,55.0,11282.42,589.7,51.06,5.17
ZAF,2016,57.09,5951.73,577.8,52.98,5.09
ZAF,2017,56.19,10825.08,1175.7,54.49,5.28
ZAF,2018,57.72,9662.03,702.5,53.03,5.66
ZAF,2019,58.87,11186.24,864.5,55.19,5.29
ZAF,2020,60.14,4284.96,608.6,58.67,6.67
ZAF,2021,62.39,16714.97,559.8,58.04,6.7
ZAF,2022,61.42,10379.77,793.5,61.05,6.62
ZAF,2023,62.55,8859.3,960.4,58.53,7.17
ZAF,2024,62.53,6978.43,1522.3,60.2,6.41
ZAF,2025,64.17,6241.24,519.9,61.94,7.05
MEX,2000,28.38,2335.03,107.2,25.67,2.63
MEX,2001,30.21,5584.79,300.4,26.6,3.28
MEX,2002,33.15,3437.26,211.5,35.81,2.98
MEX,2003,35.27,4909.72,261.0,33.59,3.36
MEX,2004,38.16,5410.29,348.6,36.39,3.55
MEX,2005,39.83,5313.31,219.3,36.74,3.54
MEX,2006,41.66,4990.85,271.7,37.97,3.99
MEX,2007,44.37,4067.34,294.6,41.27,4.22
MEX,2008,45.71,8592.19,388.7,43.31,4.32
MEX,2009,49.24,5883.9,853.4,47.4,4.56
MEX,2010,51.03,4421.27,985.5,48.77,4.62
MEX,2011,52.47,8390.85,532.7,49.74,5.81
MEX,2012,52.65,5303.34,496.0,53.26,5.79
MEX,2013,54.58,6755.3,728.8,50.1,6.01
MEX,2014,55.07,7354.99,902.7,53.44,5.19
MEX,2015,55.94,24690.64,1036.5,53.7,5.91
MEX,2016,56.07,14734.08,1389.1,56.44,5.23
MEX,2017,58.55,11425.61,439.6,52.99,6.3
MEX,2018,59.11,13295.6,907.2,57.03,6.03
MEX,2019,60.95,6621.36,343.2,58.35,5.87
MEX,2020,59.83,14884.14,613.7,59.13,6.47
MEX,2021,61.15,11353.36,668.8,58.59,6.67
MEX,2022,63.73,12572.54,556.7,61.62,5.9
MEX,2023,64.29,8533.33,617.3,62.1,6.33
MEX,2024,65.58,8753.52,971.8,64.83,6.22
MEX,2025,64.31,9278.45,844.5,62.6,6.78
ARG,2000,29.21,1759.15,174.4,28.16,2.66
ARG,2001,29.14,2880.01,140.0,30.45,2.63
ARG,2002,32.94,2412.32,243.1,30.21,2.85
ARG,2003,34.8,4787.59,409.8,29.63,3.19
ARG,2004,37.71,2742.74,216.9,33.32,3.1
ARG,2005,38.87,8914.28,233.2,37.42,3.89
ARG,2006,39.87,6066.91,411.1,41.22,4.3
ARG,2007,43.03,7498.13,579.0,41.21,4.69
ARG,2008,44.51,6827.63,468.5,39.76,4.68
ARG,2009,46.75,4870.3,864.9,45.6,4.19
ARG,2010,50.05,8170.34,785.7,45.65,4.2
ARG,2011,49.99,4321.98,535.6,47.23,5.61
ARG,2012,53.02,8311.26,1225.5,48.36,5.39
ARG,2013,53.05,6973.71,1213.7,49.84,5.98
ARG,2014,54.2,9292.35,591.2,49.87,5.36
ARG,2015,55.49,8689.91,552.0,51.41,5.92
ARG,2016,56.46,7346.1,494.5,53.33,5.27
ARG,2017,57.86,6335.72,599.0,52.35,5.06
ARG,2018,58.1,6182.3,358.7,53.48,5.38
ARG,2019,58.38,11086.41,1128.3,53.06,6.46
ARG,2020,60.59,12419.78,426.8,56.69,5.6
ARG,2021,61.32,6353.43,753.4,56.03,6.16
ARG,2022,60.41,15407.51,616.7,60.03,7.05
ARG,2023,62.95,12720.31,1133.9,58.7,5.41
ARG,2024,62.19,7469.89,728.3,59.49,5.9
ARG,2025,61.97,8815.12,823.5,61.53,6.06
COL,2000,26.15,2232.46,67.5,26.88,2.8
COL,2001,28.76,2098.96,136.5,27.81,2.46
COL,2002,30.27,1998.76,237.1,29.21,3.53
COL,2003,32.75,2134.96,210.9,33.21,3.18
COL,2004,35.44,3024.19,505.5,31.69,3.57
COL,2005,37.51,2521.58,477.4,36.15,4.03
COL,2006,39.53,4644.26,211.3,36.97,4.4
COL,2007,40.98,6812.68,649.4,39.71,3.59
COL,2008,42.44,5043.84,478.9,40.54,3.75
COL,2009,45.9,4832.74,557.9,44.43,4.82
COL,2010,48.08,5769.89,472.3,47.19,4.66
COL,2011,48.23,12403.33,367.2,44.53,4.57
COL,2012,49.7,3563.6,463.9,46.13,5.29
COL,2013,50.02,6219.92,660.2,48.98,4.56
COL,2014,50.64,3936.39,348.3,47.72,4.77
COL,2015,52.71,6772.53,340.7,50.03,5.71
COL,2016,53.06,8156.68,309.7,49.78,5.23
COL,2017,54.91,8542.61,1045.4,52.87,5.21
COL,2018,54.23,10395.51,440.8,53.87,4.93
COL,2019,55.78,10093.18,682.6,53.19,5.01
COL,2020,56.42,10844.9,632.2,54.73,6.0
COL,2021,58.44,7078.77,273.0,56.26,5.92
COL,2022,60.66,10599.57,862.9,54.55,6.39
COL,2023,60.35,16032.28,1018.3,57.29,6.13
COL,2024,60.38,9245.52,868.9,56.29,6.51
COL,2025,62.02,10554.37,856.2,56.82,6.72
CHL,2000,30.2,5643.22,173.5,26.31,2.58
CHL,2001,32.8,4931.95,120.6,30.32,3.25
CHL,2002,34.36,3538.1,131.9,33.63,3.56
CHL,2003,37.05,5133.97,246.0,33.64,3.24
CHL,2004,39.18,5989.66,634.9,35.52,3.44
CHL,2005,41.43,4891.87,545.7,39.03,4.51
CHL,2006,43.95,6754.77,653.5,42.1,4.11
CHL,2007,47.36,6655.63,375.8,44.14,4.13
CHL,2008,47.32,11467.11,710.0,46.48,4.66
CHL,2009,51.38,7769.68,626.9,48.46,5.34
CHL,2010,52.65,7242.78,496.7,52.49,6.04
CHL,2011,56.09,8920.42,649.7,51.41,4.73
CHL,2012,56.15,10066.79,914.0,49.88,4.78
CHL,2013,54.68,11065.57,125.4,54.47,5.39
CHL,2014,55.5,15940.55,247.4,55.92,6.39
CHL,2015,58.16,11892.75,1226.3,56.11,6.21
CHL,2016,58.0,6122.0,1052.6,59.24,6.84
CHL,2017,61.01,6981.63,586.3,55.27,6.76
CHL,2018,61.67,7355.04,1155.2,59.62,6.53
CHL,2019,63.21,6459.4,762.4,59.78,6.33
CHL,2020,63.94,12795.66,805.2,61.24,6.6
CHL,2021,64.68,13407.86,853.3,60.89,6.91
CHL,2022,65.82,14020.76,954.2,62.46,5.78
CHL,2023,66.3,7704.06,1112.5,63.74,6.27
CHL,2024,65.87,22541.06,829.9,62.58,7.42
CHL,2025,69.24,20442.65,1691.9,65.3,7.16
PER,2000,26.42,1500.33,73.9,25.58,2.32
PER,2001,26.36,2215.64,94.8,24.33,2.96
PER,2002,28.68,3447.24,177.7,27.1,2.71
PER,2003,31.11,3840.78,200.4,29.14,3.44
PER,2004,32.14,1259.7,230.2,34.57,3.59
PER,2005,34.37,3603.91,188.1,34.09,3.51
PER,2006,36.32,5082.76,256.8,39.13,3.11
PER,2007,36.36,2628.24,228.4,37.9,4.18
PER,2008,38.52,4826.14,541.0,38.07,3.75
PER,2009,42.53,5919.67,444.9,37.15,4.33
PER,2010,44.53,7805.83,467.6,42.63,4.02
PER,2011,45.07,3328.1,210.7,41.41,4.15
PER,2012,45.86,6535.47,621.8,45.11,4.69
PER,2013,48.51,4741.33,381.7,44.74,4.12
PER,2014,47.61,7467.03,335.1,48.02,4.08
PER,2015,49.38,5603.98,850.0,45.84,5.04
PER,2016,49.58,7951.59,443.0,48.53,4.35
PER,2017,50.02,7101.48,499.4,49.7,5.47
PER,2018,52.58,4440.44,299.1,47.83,4.36
PER,2019,52.98,8489.24,343.0,48.38,5.71
PER,2020,53.31,7476.78,425.3,52.03,4.9
PER,2021,53.53,15027.54,566.1,50.05,5.22
PER,2022,54.52,5124.25,708.4,53.76,4.9
PER,2023,56.75,5897.58,509.9,51.63,5.8
PER,2024,55.35,9154.04,689.0,54.22,5.5
PER,2025,55.81,8733.14,498.0,53.97,4.9
IDN,2000,28.04,1486.93,122.7,25.94,2.76
IDN,2001,28.89,3650.36,429.6,27.7,2.79
IDN,2002,30.35,3459.37,213.3,29.11,3.23
IDN,2003,33.61,4973.1,174.3,32.32,3.25
IDN,2004,36.81,3938.78,276.5,35.13,3.98
IDN,2005,39.18,6406.68,567.6,37.31,3.7
IDN,2006,40.3,7336.59,465.1,36.32,4.62
IDN,2007,43.63,7371.63,395.9,42.24,4.67
IDN,2008,43.5,9118.58,290.5,43.3,3.89
IDN,2009,47.11,6300.71,815.9,45.31,5.2
IDN,2010,50.01,15391.51,559.1,46.7,4.35
IDN,2011,51.05,6564.6,417.0,49.56,5.69
IDN,2012,52.41,7067.32,548.2,48.52,5.64
IDN,2013,52.86,9073.98,1275.3,50.93,4.71
IDN,2014,53.05,13966.41,1330.3,52.34,5.92
IDN,2015,54.29,10244.41,1206.2,52.19,5.35
IDN,2016,55.08,8034.64,596.8,52.71,4.86
IDN,2017,57.6,9256.79,464.1,54.56,6.22
IDN,2018,57.57,9947.23,849.9,54.23,5.85
IDN,2019,58.15,9774.53,734.1,56.11,5.23
IDN,2020,58.61,16442.44,2111.7,54.6,5.45
IDN,2021,60.82,9790.37,1049.5,58.27,5.16
IDN,2022,60.5,8405.55,682.7,58.32,5.88
IDN,2023,60.42,7469.6,1033.8,59.16,6.32
IDN,2024,60.92,6776.61,1005.0,55.1,5.75
IDN,2025,61.06,13772.33,546.7,61.3,6.51
MYS,2000,31.51,3760.97,82.5,30.48,3.27
MYS,2001,33.53,2864.17,313.7,29.99,3.73
MYS,2002,37.27,2939.52,547.1,34.38,3.49
MYS,2003,39.09,4084.7,336.9,36.98,4.4
MYS,2004,41.18,6222.65,376.7,39.05,4.57
MYS,2005,43.02,5875.28,373.1,40.61,4.16
MYS,2006,46.52,11485.18,485.3,44.82,4.08
MYS,2007,46.81,7659.2,483.9,46.36,4.6
MYS,2008,49.78,11540.78,712.1,47.94,5.01
MYS,2009,53.58,10121.2,1345.5,51.03,5.52
MYS,2010,56.28,10014.48,1081.1,53.96,5.97
MYS,2011,55.69,7782.25,449.4,53.87,5.57
MYS,2012,57.39,13410.95,1115.4,55.33,6.57
MYS,2013,59.26,15230.61,464.6,57.97,6.63
MYS,2014,60.9,6910.26,828.7,58.4,6.92
MYS,2015,61.95,12196.82,701.2,59.87,7.07
MYS,2016,62.33,19856.29,1664.2,60.28,5.41
MYS,2017,65.71,11464.51,1198.2,59.59,6.84
MYS,2018,65.12,12657.88,579.6,59.89,7.18
MYS,2019,65.74,17217.23,824.5,64.26,6.47
MYS,2020,68.01,12036.19,649.9,67.11,6.76
MYS,2021,68.25,11844.76,707.4,64.88,6.43
MYS,2022,70.11,10978.29,1176.9,67.09,6.45
MYS,2023,69.49,17480.21,1491.8,65.11,6.9
MYS,2024,68.84,9771.44,1556.7,67.81,7.11
MYS,2025,70.83,27299.32,801.4,70.98,7.01
THA,2000,27.84,1284.05,153.6,25.84,2.77
THA,2001,31.36,3872.13,238.5,32.34,3.18
THA,2002,34.25,2477.05,197.6,30.99,3.01
THA,2003,35.43,5690.65,194.5,35.4,3.44
THA,2004,38.08,3886.73,255.0,38.65,4.26
THA,2005,39.97,4979.81,972.4,40.14,3.71
THA,2006,43.6,5596.11,436.8,39.26,4.18
THA,2007,46.29,4415.14,292.0,41.73,3.84
THA,2008,45.78,9626.69,736.9,44.2,4.04
THA,2009,49.08,9745.45,671.4,48.66,5.32
THA,2010,51.42,8722.13,854.6,46.66,5.24
THA,2011,53.85,6234.59,269.5,49.68,5.6
THA,2012,53.23,9836.75,1408.5,50.84,5.83
THA,2013,54.15,7814.35,506.9,48.84,4.98
THA,2014,57.41,7387.7,428.5,52.64,6.16
THA,2015,57.04,5876.88,615.4,52.42,6.45
THA,2016,58.32,8219.7,752.9,54.27,6.15
THA,2017,60.02,12502.08,259.3,55.91,6.54
THA,2018,60.23,6034.74,684.3,55.23,6.15
THA,2019,61.13,8562.02,808.9,54.14,6.56
THA,2020,61.02,14249.67,377.3,58.5,6.62
THA,2021,63.11,12140.12,864.9,62.66,5.92
THA,2022,64.21,15004.96,508.6,60.78,7.24
THA,2023,66.01,15137.99,1091.7,60.45,6.5
THA,2024,64.02,9248.97,938.2,61.77,5.81
THA,2025,65.34,18324.91,657.3,64.09,6.69
VNM,2000,26.18,2849.13,150.5,25.41,2.41
VNM,2001,29.66,2435.83,104.8,28.4,3.02
VNM,2002,30.29,2641.43,173.3,30.14,3.4
VNM,2003,32.59,3335.75,296.4,29.96,2.9
VNM,2004,34.44,4961.45,233.2,35.61,3.73
VNM,2005,37.6,4075.35,164.2,33.3,3.3
VNM,2006,39.75,4704.92,258.3,38.64,4.13
VNM,2007,40.58,4036.59,286.2,41.48,3.49
VNM,2008,43.59,7040.87,575.0,39.85,3.84
VNM,2009,44.46,4333.58,421.8,40.99,4.28
VNM,2010,46.04,7615.5,400.1,43.64,4.02
VNM,2011,48.24,7756.61,742.1,45.42,4.67
VNM,2012,48.83,3831.18,606.0,51.13,4.73
VNM,2013,50.35,9075.91,976.7,48.87,4.98
VNM,2014,49.86,16184.07,670.4,46.61,4.56
VNM,2015,51.42,11148.75,368.1,49.38,4.87
VNM,2016,51.34,12373.41,579.9,49.36,5.68
VNM,2017,55.08,5594.39,599.6,52.6,4.94
VNM,2018,56.48,6743.7,536.6,50.44,6.06
VNM,2019,56.24,5059.82,528.6,54.89,6.4
VNM,2020,58.32,12700.91,643.8,54.75,5.25
VNM,2021,56.65,8858.44,517.9,53.48,6.18
VNM,2022,60.78,8570.46,685.3,55.03,5.03
VNM,2023,60.32,9010.64,559.1,57.73,5.31
VNM,2024,58.17,9929.68,609.8,53.98,5.74
VNM,2025,59.91,10708.47,395.3,58.99,6.69
PHL,2000,25.79,1318.15,107.9,22.39,2.55
PHL,2001,27.08,2329.12,103.3,26.4,2.88
PHL,2002,28.55,1949.01,327.3,26.4,2.62
PHL,2003,31.5,3677.17,231.3,30.82,2.81
PHL,2004,32.29,5711.96,182.0,30.99,2.85
PHL,2005,35.0,6147.23,154.8,31.36,3.4
PHL,2006,36.55,7698.03,217.7,34.8,3.91
PHL,2007,38.05,2625.85,381.6,36.93,3.56
PHL,2008,41.96,3721.43,427.6,36.52,3.76
PHL,2009,42.17,8218.96,191.1,39.31,3.79
PHL,2010,43.96,3719.3,441.5,41.94,4.06
PHL,2011,45.95,8302.97,236.4,41.29,4.42
PHL,2012,46.67,4530.37,410.5,41.63,5.15
PHL,2013,48.33,5464.99,380.7,42.88,4.6
PHL,2014,47.04,6557.66,291.1,44.98,5.25
PHL,2015,48.74,9933.33,423.8,49.17,4.52
PHL,2016,50.88,8234.07,158.9,47.51,4.6
PHL,2017,49.89,9326.51,302.9,49.95,4.71
PHL,2018,51.7,7608.75,452.6,51.27,4.8
PHL,2019,52.94,9644.4,781.6,51.01,4.81
PHL,2020,54.76,7939.38,851.8,50.57,5.35
PHL,2021,54.94,12589.29,531.2,50.9,6.0
PHL,2022,54.69,8715.26,480.9,52.96,4.7
PHL,2023,56.67,8330.36,615.3,52.3,5.7
PHL,2024,55.09,10841.69,501.5,54.41,6.25
PHL,2025,57.09,10027.79,600.9,57.59,6.0
PAK,2000,18.7,985.64,42.7,16.92,1.77
PAK,2001,20.73,1112.03,23.3,19.04,1.79
PAK,2002,21.96,1099.95,59.4,23.88,2.36
PAK,2003,24.73,1523.35,81.1,21.57,2.72
PAK,2004,23.85,1559.08,62.0,24.09,2.27
PAK,2005,27.94,1957.66,155.8,26.27,2.68
PAK,2006,29.22,3390.35,380.4,28.16,2.85
PAK,2007,29.43,2036.57,144.2,27.49,3.35
PAK,2008,30.3,2133.7,179.5,29.68,3.23
PAK,2009,33.82,2009.74,116.7,31.94,3.68
PAK,2010,35.36,3821.33,276.6,33.67,3.85
PAK,2011,34.97,4151.36,217.2,35.35,3.12
PAK,2012,37.05,2967.39,306.9,36.48,4.11
PAK,2013,35.39,2360.37,126.8,34.46,3.7
PAK,2014,37.33,4200.15,271.5,37.07,3.52
PAK,2015,38.08,3525.65,419.5,31.92,4.2
PAK,2016,38.85,2642.54,198.6,36.67,3.78
PAK,2017,39.51,4541.7,206.5,36.86,3.69
PAK,2018,40.71,2292.11,281.0,37.55,4.45
PAK,2019,40.39,5632.78,160.4,38.35,4.21
PAK,2020,41.62,5921.39,447.8,37.87,3.62
PAK,2021,40.84,4969.66,125.5,37.87,4.27
PAK,2022,42.82,3735.05,277.8,41.58,4.67
PAK,2023,43.75,5562.04,295.2,40.3,4.85
PAK,2024,43.37,7310.42,365.2,43.42,4.92
PAK,2025,44.84,4113.72,254.8,40.42,4.38
BGD,2000,17.73,772.99,47.2,18.2,1.86
BGD,2001,18.27,1000.24,48.2,20.19,2.06
BGD,2002,22.2,898.26,60.6,20.75,2.25
BGD,2003,23.09,1475.96,73.9,23.7,2.47
BGD,2004,24.57,1181.38,154.6,24.02,2.53
BGD,2005,26.4,2138.93,90.8,24.02,2.66
BGD,2006,27.44,1826.26,94.4,24.2,2.66
BGD,2007,29.49,2025.82,136.4,28.72,2.84
BGD,2008,30.53,2259.55,110.6,27.42,2.69
BGD,2009,32.63,2074.53,157.5,28.93,2.84
BGD,2010,34.54,2449.46,117.6,30.13,2.88
BGD,2011,35.71,2586.03,156.3,34.04,3.54
BGD,2012,34.62,6271.93,59.8,32.95,3.98
BGD,2013,35.4,2740.57,252.7,33.59,4.07
BGD,2014,35.72,3736.04,117.5,31.95,3.45
BGD,2015,37.39,3162.69,166.2,35.91,4.2
BGD,2016,36.25,2149.72,115.5,35.15,3.36
BGD,2017,38.13,4455.29,134.1,38.65,3.39
BGD,2018,38.15,4082.43,130.2,38.01,3.94
BGD,2019,39.09,3367.65,182.0,37.25,4.05
BGD,2020,40.42,6340.01,132.6,40.82,3.71
BGD,2021,42.07,3333.57,201.7,40.26,3.63
BGD,2022,40.9,3503.55,255.7,38.55,4.73
BGD,2023,43.35,3506.98,265.5,37.16,4.38
BGD,2024,40.61,5662.34,192.4,38.25,3.81
BGD,2025,43.54,5705.44,226.0,43.41,4.85
NGA,2000,21.06,1021.83,41.5,17.44,2.04
NGA,2001,21.02,2218.89,95.8,20.12,2.13
NGA,2002,23.61,2402.97,59.0,24.75,2.55
NGA,2003,25.3,2095.72,110.9,23.58,2.6
NGA,2004,27.38,1822.54,150.3,25.34,2.56
NGA,2005,29.89,2238.35,158.5,26.39,3.26
NGA,2006,31.2,4019.67,209.3,28.01,3.14
NGA,2007,33.11,2493.9,127.0,32.92,2.95
NGA,2008,33.08,1984.52,221.6,34.73,3.21
NGA,2009,33.9,2299.8,303.3,31.98,3.9
NGA,2010,37.71,5600.12,338.6,34.61,3.89
NGA,2011,36.08,3250.45,142.2,32.74,4.18
NGA,2012,37.42,3106.62,308.7,35.54,3.34
NGA,2013,37.51,3938.35,511.2,36.3,4.19
NGA,2014,40.02,6278.62,202.4,39.13,3.39
NGA,2015,40.91,5010.12,211.1,39.91,4.6
NGA,2016,40.19,3748.34,300.0,38.3,4.26
NGA,2017,41.92,4664.99,273.6,38.91,3.71
NGA,2018,43.42,3697.37,262.8,38.94,4.69
NGA,2019,43.01,4955.38,454.8,38.2,4.65
NGA,2020,43.18,3096.69,266.1,42.2,4.35
NGA,2021,45.96,5411.47,302.2,43.14,3.91
NGA,2022,45.57,4766.97,627.0,42.15,5.2
NGA,2023,43.51,4505.2,401.7,43.22,5.27
NGA,2024,45.3,7363.37,516.5,46.84,4.29
NGA,2025,48.49,4481.81,321.0,42.85,4.26
KEN,2000,22.07,1447.6,58.2,18.96,2.36
KEN,2001,24.24,1418.21,95.7,21.65,2.08
KEN,2002,25.27,1193.24,153.5,24.0,2.41
KEN,2003,26.75,2046.62,73.8,26.92,2.61
KEN,2004,29.49,2425.36,147.3,24.85,2.57
KEN,2005,29.74,2425.67,147.0,29.28,2.85
KEN,2006,31.17,2977.21,269.7,29.08,3.66
KEN,2007,33.68,4380.16,194.4,31.01,3.2
KEN,2008,36.78,2505.51,146.9,31.72,4.1
KEN,2009,36.59,3120.17,292.4,34.28,4.07
KEN,2010,38.65,4229.83,268.7,40.66,3.64
KEN,2011,39.75,5305.6,641.8,35.5,4.4
KEN,2012,39.62,3935.08,247.4,36.76,3.87
KEN,2013,40.49,4331.1,444.3,39.45,4.25
KEN,2014,43.04,4422.89,223.2,40.58,4.33
KEN,2015,42.62,5050.54,336.5,43.2,4.55
KEN,2016,42.4,4257.66,297.8,41.68,4.65
KEN,2017,46.4,4358.87,382.7,42.8,5.1
KEN,2018,47.13,6652.57,593.2,44.52,4.51
KEN,2019,46.2,7232.39,465.6,43.84,4.13
KEN,2020,48.66,6719.08,270.4,44.64,4.35
KEN,2021,49.26,5350.35,444.6,47.88,5.19
KEN,2022,50.06,4034.64,992.1,48.1,5.28
KEN,2023,49.74,4168.85,342.8,48.99,5.67
KEN,2024,49.23,7022.5,856.0,44.82,5.65
KEN,2025,49.18,5293.47,241.7,45.94,5.11
ETH,2000,16.11,688.44,16.7,13.23,1.44
ETH,2001,16.82,625.69,29.8,17.26,1.83
ETH,2002,17.59,591.15,38.2,18.09,2.09
ETH,2003,18.25,755.38,41.1,17.42,2.06
ETH,2004,20.28,663.6,45.8,19.47,1.97
ETH,2005,23.18,1059.15,51.2,21.13,2.24
ETH,2006,24.2,1531.92,48.9,22.21,2.59
ETH,2007,25.5,1212.55,102.3,23.3,2.8
ETH,2008,27.04,1676.71,74.6,25.17,2.32
ETH,2009,27.37,1749.86,76.9,24.89,2.77
ETH,2010,29.08,1437.01,152.3,24.81,2.63
ETH,2011,29.2,995.75,228.2,26.67,2.56
ETH,2012,30.74,2437.73,117.6,29.36,2.66
ETH,2013,32.01,2364.95,239.3,29.78,2.88
ETH,2014,29.96,1753.58,205.0,29.03,3.03
ETH,2015,31.85,2587.59,105.1,31.91,3.41
ETH,2016,32.46,1152.57,115.9,30.72,3.44
ETH,2017,32.75,2031.74,126.1,32.43,3.33
ETH,2018,33.69,2106.88,88.4,31.72,3.5
ETH,2019,32.9,2295.29,185.8,33.08,2.87
ETH,2020,32.69,2026.23,188.1,32.27,3.83
ETH,2021,33.58,3225.3,111.0,33.39,3.19
ETH,2022,34.15,2539.76,132.5,34.02,3.64
ETH,2023,35.82,3087.44,216.8,33.43,3.16
ETH,2024,36.56,2918.54,183.3,34.82,3.66
ETH,2025,36.2,3776.45,158.3,32.0,3.22
GHA,2000,21.42,818.63,45.8,18.11,2.39
GHA,2001,22.63,868.7,82.2,21.71,2.28
GHA,2002,24.71,1330.83,66.1,22.56,2.18
GHA,2003,25.63,1852.74,91.6,24.41,2.72
GHA,2004,28.58,1887.22,474.2,27.14,2.76
GHA,2005,30.85,1903.0,209.3,27.77,3.34
GHA,2006,31.71,3282.62,242.1,30.31,2.91
GHA,2007,33.04,4367.84,192.7,33.93,3.44
GHA,2008,34.71,3567.44,212.4,30.93,3.07
GHA,2009,36.71,3157.66,251.3,34.41,3.13
GHA,2010,37.78,4044.56,137.8,38.63,3.52
GHA,2011,38.99,3587.03,203.1,39.01,3.95
GHA,2012,39.69,3973.47,327.7,37.56,3.68
GHA,2013,39.71,3707.55,292.7,38.51,4.41
GHA,2014,40.14,5396.04,190.3,38.09,4.61
GHA,2015,41.33,6088.25,191.6,38.65,4.58
GHA,2016,43.17,4364.21,194.2,41.7,4.16
GHA,2017,44.4,5576.63,308.9,40.41,3.77
GHA,2018,43.26,6131.73,234.0,42.01,3.8
GHA,2019,43.7,5276.94,269.0,41.27,4.82
GHA,2020,45.84,4590.46,315.5,42.14,5.26
GHA,2021,45.9,6393.99,326.6,45.07,4.67
GHA,2022,48.05,5576.19,207.7,45.76,4.86
GHA,2023,47.98,4921.07,532.5,43.61,4.9
GHA,2024,47.83,7825.97,686.4,45.72,4.75
GHA,2025,47.54,7744.94,244.6,46.64,4.84
EGY,2000,24.66,1997.57,51.1,24.45,2.58
EGY,2001,27.1,1601.54,96.5,24.22,2.4
EGY,2002,28.13,2323.6,287.0,26.44,2.66
EGY,2003,31.36,3017.38,284.3,31.06,2.77
EGY,2004,33.24,3809.61,167.1,32.14,3.03
EGY,2005,34.0,4459.45,310.9,30.88,3.52
EGY,2006,37.68,3491.85,636.0,34.54,3.66
EGY,2007,37.46,3441.39,249.2,38.65,3.29
EGY,2008,41.5,5860.73,280.2,40.94,3.67
EGY,2009,41.92,9170.94,255.1,40.19,4.29
EGY,2010,44.62,6277.61,355.4,41.96,4.46
EGY,2011,45.45,6283.45,317.4,42.38,4.23
EGY,2012,46.54,5413.57,475.5,41.38,5.34
EGY,2013,47.37,5115.39,386.3,43.7,4.5
EGY,2014,48.14,6919.41,368.1,45.84,5.16
EGY,2015,50.38,5099.97,412.6,42.91,5.61
EGY,2016,49.78,8914.46,805.7,49.72,5.08
EGY,2017,50.78,5232.16,774.9,48.61,5.67
EGY,2018,51.18,13257.71,473.6,51.41,4.97
EGY,2019,52.77,6509.27,343.1,48.44,5.74
EGY,2020,53.58,7844.34,666.0,48.38,4.72
EGY,2021,53.09,9286.23,701.9,54.11,5.49
EGY,2022,55.43,8248.92,609.0,51.38,5.38
EGY,2023,55.78,5478.93,743.7,52.49,5.67
EGY,2024,56.96,12008.52,566.1,53.88,5.95
EGY,2025,55.93,12564.55,754.6,55.22,5.36
MAR,2000,22.08,1146.15,66.3,21.31,2.21
MAR,2001,25.48,1227.53,87.6,24.04,2.19
MAR,2002,27.41,1919.54,189.2,25.64,3.09
MAR,2003,28.49,1664.04,142.2,25.77,3.26
MAR,2004,31.64,3231.93,100.9,29.39,2.78
MAR,2005,31.56,2568.14,199.2,31.39,3.76
MAR,2006,34.12,2722.04,684.7,32.45,3.79
MAR,2007,36.04,1710.58,273.3,35.81,3.86
MAR,2008,37.65,5637.78,135.7,34.36,3.84
MAR,2009,40.53,4231.2,180.1,38.4,3.49
MAR,2010,41.66,5276.89,351.6,37.65,4.4
MAR,2011,43.95,4884.62,510.6,39.58,4.52
MAR,2012,43.76,6644.01,234.9,38.21,3.85
MAR,2013,44.97,4371.69,575.3,41.03,4.99
MAR,2014,46.42,4033.1,355.9,44.78,5.07
MAR,2015,46.91,8147.69,385.0,40.48,5.25
MAR,2016,46.71,3746.4,347.3,45.32,4.47
MAR,2017,48.88,5054.45,399.4,46.17,4.64
MAR,2018,49.59,4954.44,440.5,47.14,4.22
MAR,2019,49.29,6758.02,592.1,47.6,4.45
MAR,2020,50.82,5485.82,724.4,49.09,5.73
MAR,2021,51.64,3333.41,362.4,50.41,5.36
MAR,2022,53.19,2816.08,399.9,50.31,5.09
MAR,2023,51.81,6605.98,443.0,48.18,5.93
MAR,2024,53.41,4087.48,310.4,52.84,5.88
MAR,2025,53.21,6167.86,236.9,52.38,5.16
TUN,2000,23.25,1515.94,82.1,21.61,2.21
TUN,2001,25.99,1518.18,74.2,25.92,2.64
TUN,2002,27.47,2370.03,186.9,26.03,2.7
TUN,2003,29.82,2984.3,84.1,24.04,3.09
TUN,2004,31.67,3436.03,145.6,32.0,2.92
TUN,2005,31.99,3990.84,409.4,31.05,3.26
TUN,2006,35.31,5892.02,274.7,33.97,3.88
TUN,2007,36.58,2745.53,238.8,33.6,3.31
TUN,2008,38.58,3704.18,162.9,39.21,4.25
TUN,2009,40.73,5996.12,375.1,39.0,3.99
TUN,2010,43.7,6280.56,455.3,40.6,4.61
TUN,2011,42.72,4599.17,408.6,41.82,4.74
TUN,2012,44.47,4927.84,297.2,39.85,4.33
TUN,2013,44.69,8262.01,467.3,38.98,4.6
TUN,2014,46.01,6670.64,384.7,43.44,4.79
TUN,2015,47.45,8972.38,396.3,46.2,4.96
TUN,2016,47.02,3607.67,643.8,44.72,5.04
TUN,2017,48.78,4441.4,935.6,44.82,5.17
TUN,2018,48.71,5738.32,429.1,45.14,4.78
TUN,2019,51.14,5933.33,650.7,48.32,4.65
TUN,2020,50.42,6837.65,371.8,49.9,5.34
TUN,2021,53.18,12227.0,471.1,49.5,4.86
TUN,2022,53.79,6147.05,262.4,49.45,4.87
TUN,2023,53.39,6737.74,853.2,51.97,4.6
TUN,2024,52.6,8119.43,357.4,51.26,5.48
TUN,2025,54.07,7027.14,447.0,53.2,5.37
DZA,2000,22.94,1135.97,90.7,21.22,2.57
DZA,2001,23.09,1431.42,91.8,22.41,2.19
DZA,2002,27.0,1503.65,126.0,26.44,2.67
DZA,2003,27.62,2139.57,59.6,21.75,2.62
DZA,2004,29.05,2488.03,190.9,27.09,2.59
DZA,2005,30.63,2872.8,186.2,28.39,3.3
DZA,2006,32.31,2426.79,154.1,32.84,3.05
DZA,2007,35.44,4563.54,502.0,33.19,3.71
DZA,2008,35.85,3137.65,237.2,32.61,3.11
DZA,2009,38.0,3605.83,189.9,35.76,3.29
DZA,2010,40.24,2500.96,206.2,35.57,4.16
DZA,2011,39.76,4883.23,210.3,39.01,3.49
DZA,2012,42.45,5831.24,414.1,40.85,3.9
DZA,2013,40.4,4151.23,401.1,39.45,4.76
DZA,2014,42.24,4530.41,331.0,40.39,4.43
DZA,2015,45.18,4311.78,229.4,40.95,4.56
DZA,2016,45.73,4256.32,254.4,40.85,4.64
DZA,2017,46.1,5229.38,200.3,41.42,4.07
DZA,2018,47.68,2983.07,316.9,46.6,5.19
DZA,2019,46.56,6913.85,240.3,44.52,4.58
DZA,2020,47.81,4363.22,696.1,44.28,4.36
DZA,2021,47.35,5937.02,489.9,45.64,4.98
DZA,2022,50.32,6993.24,149.6,46.99,4.56
DZA,2023,51.24,4196.71,254.5,46.66,4.81
DZA,2024,50.37,6625.49,182.5,48.05,5.72
DZA,2025,51.1,7416.95,455.2,47.63,5.27
SAU,2000,32.5,2504.57,149.9,31.63,3.12
SAU,2001,36.05,4854.85,143.1,33.68,3.25
SAU,2002,36.71,4157.41,291.6,37.3,3.77
SAU,2003,40.34,12184.4,251.6,38.02,3.59
SAU,2004,44.38,6088.25,421.2,40.17,4.7
SAU,2005,44.82,6761.4,659.8,42.43,5.06
SAU,2006,46.76,5025.64,549.3,44.72,5.41
SAU,2007,50.7,7382.74,455.1,49.9,5.57
SAU,2008,53.47,12784.53,677.3,48.07,4.85
SAU,2009,55.69,7079.91,917.3,52.72,4.74
SAU,2010,55.64,8397.29,575.6,56.02,6.37
SAU,2011,59.06,13950.17,582.6,56.8,5.66
SAU,2012,60.25,15981.05,971.4,59.62,5.72
SAU,2013,63.12,14961.06,875.7,60.12,5.99
SAU,2014,61.72,23809.11,1093.2,60.37,7.14
SAU,2015,63.89,8748.19,1666.4,61.09,6.04
SAU,2016,65.88,6519.86,963.4,60.7,5.7
SAU,2017,66.8,16299.16,1254.8,60.73,6.55
SAU,2018,66.91,20458.09,2573.2,61.59,6.85
SAU,2019,67.83,15219.67,1140.5,64.92,7.29
SAU,2020,69.88,10846.65,774.0,65.88,7.43
SAU,2021,71.97,14458.39,874.3,68.88,7.66
SAU,2022,72.9,14680.78,1217.2,67.87,6.42
SAU,2023,72.41,13907.75,1529.9,68.02,7.18
SAU,2024,72.28,20544.37,1289.6,72.07,8.4
SAU,2025,74.03,13374.22,732.0,68.26,7.58
ARE,2000,34.92,3591.34,210.4,32.83,3.51
ARE,2001,37.85,3440.14,455.9,36.03,4.39
ARE,2002,41.62,7839.84,643.6,38.19,4.04
ARE,2003,44.27,8377.31,286.4,39.91,4.68
ARE,2004,46.17,7412.21,552.4,41.69,4.8
ARE,2005,49.3,7344.29,708.0,47.72,5.27
ARE,2006,50.8,13908.78,546.2,46.96,5.05
ARE,2007,54.41,10969.11,620.1,49.16,4.98
ARE,2008,57.01,7273.92,1336.6,53.62,5.95
ARE,2009,60.29,10930.57,1169.9,58.23,6.62
ARE,2010,61.96,16199.63,1489.2,60.26,6.82
ARE,2011,63.3,17098.83,1165.6,60.6,6.13
ARE,2012,64.42,24149.84,1176.6,62.94,7.22
ARE,2013,65.32,14585.27,1404.1,64.73,7.48
ARE,2014,67.64,9868.06,2884.0,63.33,6.31
ARE,2015,69.77,15273.25,1682.5,64.99,6.39
ARE,2016,70.92,19054.69,1214.0,68.46,6.47
ARE,2017,71.49,28657.53,1090.1,69.87,7.32
ARE,2018,73.78,18678.18,1437.5,68.7,7.45
ARE,2019,75.09,17592.15,1434.4,71.09,6.45
ARE,2020,75.89,15201.76,4385.5,70.37,8.32
ARE,2021,77.88,34864.27,917.8,74.37,8.7
ARE,2022,77.44,28060.13,2597.7,74.31,6.76
ARE,2023,79.86,20165.38,1176.2,75.28,7.64
ARE,2024,81.09,11899.6,1735.5,74.31,7.84
ARE,2025,81.99,23878.11,2621.2,79.09,7.02
QAT,2000,33.84,2283.85,274.2,30.94,3.15
QAT,2001,36.36,5805.02,396.1,34.46,3.2
QAT,2002,37.23,5695.28,429.5,36.91,3.54
QAT,2003,40.75,5793.65,239.8,39.48,3.63
QAT,2004,44.01,7120.21,660.8,38.43,3.79
QAT,2005,46.61,3220.73,378.5,45.65,4.17
QAT,2006,49.0,11085.57,687.3,47.29,4.74
QAT,2007,51.17,7721.86,1163.4,51.21,4.69
QAT,2008,53.59,7633.41,1288.4,52.2,5.94
QAT,2009,57.99,12486.12,546.9,54.8,5.15
QAT,2010,58.59,14614.97,526.7,56.61,6.77
QAT,2011,59.93,11996.19,1671.2,58.42,6.5
QAT,2012,61.7,9367.31,1604.7,56.87,5.98
QAT,2013,63.96,17739.22,1300.7,60.53,7.08
QAT,2014,63.72,44819.12,1386.2,61.17,6.79
QAT,2015,66.47,12933.39,876.4,62.17,6.24
QAT,2016,65.32,13524.38,690.3,65.38,7.18
QAT,2017,67.85,18053.09,1738.2,60.91,7.75
QAT,2018,68.81,18665.04,965.9,64.47,6.31
QAT,2019,70.62,18082.26,782.9,64.87,6.89
QAT,2020,70.44,20788.66,1014.4,66.88,7.95
QAT,2021,72.24,23519.7,2186.3,70.54,7.24
QAT,2022,74.65,15541.53,788.2,68.98,6.77
QAT,2023,75.15,12212.41,1754.3,71.64,7.99
QAT,2024,75.19,23246.06,1639.7,72.99,8.28
QAT,2025,76.19,16911.23,1243.8,72.75,6.57
KWT,2000,30.1,2782.27,120.8,31.02,3.12
KWT,2001,32.86,3414.27,109.0,31.71,3.0
KWT,2002,36.59,6922.13,173.6,35.0,4.09
KWT,2003,37.58,4940.75,211.1,34.18,3.72
KWT,2004,39.54,4571.0,341.5,38.35,4.15
KWT,2005,43.12,5180.32,418.2,40.5,4.29
KWT,2006,44.37,4339.43,594.1,43.89,4.38
KWT,2007,48.23,13092.21,364.6,46.35,5.02
KWT,2008,49.65,14035.05,771.2,46.81,5.08
KWT,2009,52.85,9552.66,401.1,48.38,5.26
KWT,2010,54.68,5868.54,890.1,50.98,6.03
KWT,2011,56.11,7214.49,779.9,51.93,5.92
KWT,2012,57.58,9969.04,993.0,52.88,6.29
KWT,2013,57.4,7736.23,522.2,56.74,5.45
KWT,2014,59.21,9207.16,583.7,59.24,6.05
KWT,2015,61.06,13566.7,502.8,56.65,5.17
KWT,2016,61.61,11401.45,985.0,58.87,6.71
KWT,2017,62.05,10617.92,1008.4,60.46,6.8
KWT,2018,63.81,9183.93,1109.8,63.14,5.49
KWT,2019,64.75,13605.19,617.6,63.98,5.85
KWT,2020,66.56,12409.55,810.2,65.08,7.43
KWT,2021,66.34,15884.64,763.9,64.49,7.08
KWT,2022,68.93,14778.54,1035.3,65.49,6.88
KWT,2023,69.63,20684.04,665.5,65.27,6.75
KWT,2024,69.55,16074.23,3248.3,67.23,6.87
KWT,2025,70.67,10513.21,963.6,67.9,7.72
BHR,2000,31.9,2821.85,143.9,29.4,2.71
BHR,2001,33.51,2744.35,306.1,31.0,3.27
BHR,2002,35.39,7059.85,240.4,34.55,4.06
BHR,2003,39.41,5005.14,308.0,35.82,3.46
BHR,2004,41.36,4861.64,503.1,39.37,3.78
BHR,2005,42.34,4266.66,590.9,40.45,4.34
BHR,2006,46.17,7492.32,750.7,42.3,4.12
BHR,2007,48.79,9150.7,217.8,48.84,5.5
BHR,2008,51.1,8262.96,302.4,49.14,5.36
BHR,2009,52.14,8736.04,762.9,49.27,6.0
BHR,2010,55.45,19674.79,1840.9,55.19,4.91
BHR,2011,57.58,14709.39,750.5,51.51,6.47
BHR,2012,58.59,10600.8,494.9,54.07,6.21
BHR,2013,59.19,6822.1,937.4,54.78,6.27
BHR,2014,58.25,10287.46,1207.8,55.25,5.65
BHR,2015,60.66,6078.75,1830.5,61.37,5.98
BHR,2016,62.46,11009.82,1304.1,58.58,6.8
BHR,2017,63.99,10434.55,767.6,60.89,7.22
BHR,2018,65.53,11034.24,1026.3,63.63,5.81
BHR,2019,64.38,7620.82,831.2,62.69,7.28
BHR,2020,67.38,13000.48,1846.7,62.58,6.99
BHR,2021,67.98,14496.85,1981.2,65.53,5.96
BHR,2022,69.12,11252.08,993.2,64.22,6.76
BHR,2023,69.57,11611.16,1342.5,64.74,7.34
BHR,2024,71.11,20337.54,951.3,67.93,6.32
BHR,2025,71.7,15011.77,579.1,69.03,7.39
TUR,2000,30.27,3491.94,114.4,27.61,3.45
TUR,2001,33.11,4636.84,195.9,32.77,2.84
TUR,2002,35.68,3721.67,290.7,35.28,3.53
TUR,2003,37.69,4893.56,335.8,38.33,3.74
TUR,2004,40.68,5853.06,282.5,37.74,3.74
TUR,2005,41.59,7700.92,275.0,41.72,4.08
TUR,2006,45.36,10173.31,867.4,42.91,4.24
TUR,2007,47.97,11363.03,719.4,42.77,4.3
TUR,2008,49.76,6984.38,392.3,47.78,4.61
TUR,2009,51.44,10999.03,515.6,47.6,5.43
TUR,2010,54.72,9886.64,409.7,51.15,4.72
TUR,2011,55.7,7719.14,455.8,52.63,5.92
TUR,2012,55.2,8657.03,848.6,55.93,5.03
TUR,2013,57.46,11065.23,1765.2,52.82,5.12
TUR,2014,59.79,11039.93,870.4,57.54,5.89
TUR,2015,60.12,10659.97,722.7,55.9,5.97
TUR,2016,60.84,21035.48,1029.9,59.01,5.69
TUR,2017,62.19,15687.23,1972.9,61.29,6.07
TUR,2018,63.34,12769.78,672.8,57.96,6.75
TUR,2019,63.49,11274.95,519.7,61.15,5.53
TUR,2020,64.04,11296.4,845.6,61.36,7.15
TUR,2021,66.26,7131.54,988.8,63.5,7.52
TUR,2022,67.57,10064.58,1010.6,63.77,6.22
TUR,2023,68.86,13187.06,2760.0,64.63,6.37
TUR,2024,68.42,16875.26,1165.3,65.73,5.87
TUR,2025,70.11,15107.55,2364.5,67.77,6.74
UKR,2000,28.27,1908.34,119.2,28.87,3.08
UKR,2001,31.3,2642.25,427.4,29.72,2.87
UKR,2002,32.56,3911.15,199.0,33.13,3.43
UKR,2003,36.44,3788.15,391.1,33.66,3.48
UKR,2004,37.16,6667.65,265.3,36.3,3.34
UKR,2005,39.27,5570.17,368.4,36.67,3.63
UKR,2006,42.71,6813.95,186.7,38.74,4.36
UKR,2007,43.17,3797.78,462.3,44.85,4.1
UKR,2008,47.85,7765.25,338.5,42.73,5.23
UKR,2009,48.51,9191.56,412.5,47.71,5.05
UKR,2010,51.22,6448.13,614.3,48.49,4.64
UKR,2011,52.75,8589.45,766.4,50.03,5.32
UKR,2012,52.62,11284.83,512.0,50.74,5.87
UKR,2013,56.33,15609.21,387.3,51.33,5.15
UKR,2014,55.39,8047.42,559.6,52.31,5.37
UKR,2015,57.55,9258.38,172.0,53.97,6.31
UKR,2016,58.41,14677.73,675.3,56.13,5.02
UKR,2017,59.01,8578.98,467.0,55.64,5.15
UKR,2018,60.12,16390.71,572.3,58.51,5.42
UKR,2019,61.71,11459.15,1034.8,58.33,6.28
UKR,2020,61.82,18516.04,646.3,56.22,6.01
UKR,2021,63.07,10854.05,1047.3,59.31,5.72
UKR,2022,64.34,17974.03,870.9,59.16,5.87
UKR,2023,64.42,8330.85,466.0,62.43,6.42
UKR,2024,63.14,12911.63,950.0,62.87,6.62
UKR,2025,66.34,11122.74,1097.0,61.84,7.32
KAZ,2000,26.08,1994.23,181.1,26.61,2.73
KAZ,2001,28.4,1020.82,117.4,24.83,3.06
KAZ,2002,30.5,3517.43,294.5,28.76,2.8
KAZ,2003,31.6,2233.45,162.2,30.18,3.06
KAZ,2004,34.91,3441.25,223.0,32.0,3.28
KAZ,2005,35.33,5984.32,238.7,36.42,3.58
KAZ,2006,38.1,3245.64,308.3,38.36,3.74
KAZ,2007,39.44,4803.9,429.8,37.78,4.5
KAZ,2008,43.55,4700.25,603.0,40.57,4.06
KAZ,2009,43.4,5062.3,725.6,44.47,4.3
KAZ,2010,47.2,12894.56,520.6,43.82,5.31
KAZ,2011,48.15,9935.27,354.8,45.71,4.67
KAZ,2012,47.89,6873.93,535.9,45.94,5.28
KAZ,2013,49.91,9048.3,899.1,46.25,4.45
KAZ,2014,48.82,7372.7,278.0,46.06,5.02
KAZ,2015,50.05,11551.34,612.3,48.89,5.33
KAZ,2016,52.1,7782.74,1199.0,48.81,5.04
KAZ,2017,54.59,8138.67,913.0,50.26,5.4
KAZ,2018,54.65,8334.74,894.6,50.68,5.11
KAZ,2019,55.05,9613.97,626.9,51.87,5.75
KAZ,2020,54.99,11542.1,563.6,51.31,5.8
KAZ,2021,57.3,10678.77,396.1,54.93,5.54
KAZ,2022,58.66,10365.89,686.5,51.34,5.71
KAZ,2023,57.51,15027.42,1279.9,53.78,6.13
KAZ,2024,60.34,14658.1,989.5,56.8,5.05
KAZ,2025,60.31,13511.44,1061.2,57.4,5.13
UZB,2000,23.25,1585.64,53.5,20.29,2.5
UZB,2001,23.2,1222.72,70.2,22.96,2.59
UZB,2002,24.96,3203.43,116.2,24.85,2.7
UZB,2003,27.63,2055.0,71.7,25.42,2.36
UZB,2004,27.82,2722.14,124.1,27.15,2.84
UZB,2005,29.1,2859.41,210.1,26.24,2.63
UZB,2006,30.82,2875.9,112.4,32.68,3.03
UZB,2007,32.25,3402.23,168.9,29.9,3.28
UZB,2008,36.43,2607.66,174.3,34.98,3.91
UZB,2009,38.24,3675.15,90.8,35.98,4.1
UZB,2010,37.83,4754.22,161.5,36.22,3.54
UZB,2011,41.0,3030.26,392.9,37.14,3.79
UZB,2012,40.57,5068.92,239.6,36.84,4.35
UZB,2013,42.56,6922.92,412.9,38.55,3.94
UZB,2014,41.39,7273.97,140.9,40.93,3.62
UZB,2015,42.63,5223.19,179.6,40.18,4.21
UZB,2016,45.28,4861.56,211.7,44.01,4.52
UZB,2017,44.51,4865.76,262.9,45.06,4.22
UZB,2018,46.48,6507.61,205.4,44.26,4.86
UZB,2019,47.97,7028.6,583.1,43.8,5.3
UZB,2020,47.24,3491.46,201.4,45.59,5.2
UZB,2021,48.53,7635.82,164.7,44.76,4.95
UZB,2022,48.59,3643.78,225.3,47.05,5.54
UZB,2023,49.54,6952.04,471.2,46.31,4.31
UZB,2024,50.03,7121.72,550.0,47.47,5.24
UZB,2025,50.58,5988.95,320.9,46.93,4.89
AZE,2000,24.96,1030.88,51.7,22.42,2.57
AZE,2001,23.98,1189.24,178.5,26.72,2.48
AZE,2002,29.27,2264.1,205.1,28.87,3.13
AZE,2003,30.79,1374.51,136.2,27.63,2.82
AZE,2004,30.29,4060.73,107.7,31.34,3.06
AZE,2005,33.33,1838.47,320.7,31.55,3.53
AZE,2006,36.18,4222.94,230.9,31.28,3.52
AZE,2007,37.51,3756.5,236.1,35.93,3.28
AZE,2008,40.44,3033.69,284.4,35.42,4.2
AZE,2009,41.37,4977.96,347.2,35.94,3.85
AZE,2010,43.91,5573.73,146.4,41.05,4.37
AZE,2011,44.36,4464.28,146.6,40.09,4.98
AZE,2012,45.39,2483.0,311.1,44.58,4.64
AZE,2013,45.65,3535.22,202.9,45.44,4.39
AZE,2014,48.64,4262.16,414.3,42.42,5.32
AZE,2015,48.6,7095.36,318.6,41.19,4.49
AZE,2016,48.09,4635.39,365.2,46.82,5.54
AZE,2017,49.48,5746.1,449.2,45.75,5.35
AZE,2018,49.18,7044.31,1054.1,48.2,4.79
AZE,2019,50.98,8006.04,346.1,48.98,5.08
AZE,2020,53.24,14442.9,841.0,51.01,4.97
AZE,2021,53.18,4672.26,844.1,48.6,5.6
AZE,2022,53.47,10663.56,315.7,50.17,6.01
AZE,2023,52.99,9620.23,2002.5,51.96,5.74
AZE,2024,54.09,6829.96,352.0,52.44,6.02
AZE,2025,55.6,13811.38,386.7,51.96,6.18
